ID,Player,Pos,Age,Tm,G,MP,FG,FGA,FG%,3P,3PA,3P%,2P,2PA,2P%,eFG%,FT,FTA,FT%,ORB,DRB,TRB,AST,STL,BLK,TOV,PF,PTS,PER,TS%,3PAr,FTr,ORB%,DRB%,TRB%,AST%,STL%,BLK%,TOV%,USG%,OWS,DWS,WS,WS/48,OBPM,DBPM,BPM,VORP
afflaar01,Arron Afflalo,SG,22,DET,75,12.9,1.3,3.2,0.411,0.1,0.6,0.208,1.2,2.6,0.461,0.432,0.9,1.2,0.208,0.5,1.3,1.8,0.7,0.4,0.1,0.5,1.1,3.7,10.2,0.494,0.199,0.361,4.4,12.5,8.4,8.1,1.8,0.7,10.9,15.2,0.5,1.4,1.9,0.092,-2.6,1.0,-1.5,0.1
aldrila01,LaMarcus Aldridge,PF,22,POR,76,34.9,7.4,15.3,0.484,0.0,0.1,0.143,7.4,15.2,0.486,0.484,3.0,3.9,0.143,2.9,4.7,7.6,1.6,0.7,1.2,1.7,3.2,17.8,18.5,0.523,0.006,0.257,9.8,15.8,12.8,8.8,1.1,2.8,8.9,25.3,3.5,2.8,6.2,0.113,0.6,-0.4,0.2,1.5
allenma01,Malik Allen,PF,29,TOT,73,15.0,2.2,4.5,0.48,0.0,0.0,0.5,2.1,4.5,0.48,0.482,0.3,0.3,0.5,0.9,1.8,2.7,0.6,0.3,0.4,0.6,2.0,4.6,9.8,0.5,0.006,0.076,7.0,13.6,10.4,6.8,0.9,2.2,11.7,16.1,0.1,0.9,1.0,0.045,-3.4,0.0,-3.5,-0.4
allenra02,Ray Allen,SG,32,BOS,73,35.9,6.0,13.5,0.445,2.5,6.2,0.398,3.5,7.3,0.485,0.537,2.9,3.2,0.398,1.0,2.6,3.7,3.1,0.9,0.2,1.7,2.0,17.4,16.4,0.584,0.458,0.24,3.6,8.3,6.1,14.6,1.3,0.5,10.4,21.6,5.6,4.1,9.7,0.177,2.9,0.2,3.0,3.3
allento01,Tony Allen,SG,26,BOS,75,18.3,2.3,5.2,0.434,0.2,0.8,0.316,2.0,4.4,0.455,0.458,1.8,2.4,0.316,0.5,1.8,2.2,1.5,0.8,0.3,1.5,2.2,6.6,10.7,0.527,0.147,0.465,3.1,11.0,7.3,13.1,2.4,1.3,18.9,19.6,-0.1,2.8,2.7,0.093,-3.4,1.7,-1.7,0.1
alstora01,Rafer Alston,PG,31,HOU,74,34.1,4.9,12.5,0.394,1.9,5.5,0.351,3.0,7.0,0.427,0.471,1.3,1.9,0.351,0.4,3.1,3.5,5.3,1.3,0.2,2.2,1.9,13.1,13.2,0.492,0.44,0.148,1.3,10.2,5.8,25.2,2.1,0.5,14.0,20.7,1.0,4.0,5.0,0.095,-0.5,1.0,0.5,1.6
anthoca01,Carmelo Anthony,SF,23,DEN,77,36.4,9.5,19.2,0.492,0.8,2.1,0.354,8.7,17.1,0.509,0.511,6.0,7.7,0.354,2.3,5.1,7.4,3.4,1.3,0.5,3.3,3.3,25.7,21.1,0.568,0.111,0.398,7.0,14.9,11.0,16.1,1.7,1.0,12.7,30.2,5.2,3.0,8.2,0.14,2.5,-0.9,1.6,2.5
arizatr01,Trevor Ariza,SF,22,TOT,35,15.6,2.0,3.9,0.507,0.1,0.5,0.278,1.8,3.4,0.542,0.526,1.4,2.1,0.278,0.9,2.2,3.1,1.3,0.9,0.3,0.7,1.3,5.5,16.1,0.568,0.132,0.551,6.4,15.4,11.1,11.8,2.9,1.5,12.0,15.6,0.9,0.9,1.8,0.157,0.4,2.3,2.8,0.7
armstda01,Darrell Armstrong,PG,39,NJN,50,11.0,0.8,2.2,0.364,0.5,1.4,0.333,0.3,0.8,0.415,0.468,0.4,0.6,0.333,0.3,1.0,1.3,1.5,0.6,0.0,0.8,1.1,2.5,8.7,0.499,0.627,0.273,3.6,10.6,7.1,20.5,2.7,0.3,25.0,13.7,-0.2,0.5,0.3,0.024,-3.5,0.8,-2.7,-0.1
armsthi01,Hilton Armstrong,C,23,NOH,65,11.3,1.0,2.3,0.453,0.0,0.0,0.0,1.0,2.3,0.453,0.453,0.7,1.1,0.0,1.0,1.5,2.5,0.4,0.2,0.5,0.9,2.0,2.7,7.7,0.498,0.0,0.473,10.1,16.0,13.0,4.4,1.1,3.6,24.8,15.1,-0.5,1.0,0.5,0.032,-6.3,0.5,-5.8,-0.7
arroyca01,Carlos Arroyo,PG,28,ORL,62,20.5,2.5,5.6,0.451,0.5,1.4,0.345,2.1,4.3,0.485,0.493,1.4,1.6,0.345,0.2,1.7,1.8,3.5,0.4,0.0,1.2,1.4,6.9,12.8,0.547,0.241,0.293,0.9,9.0,5.1,26.6,1.1,0.1,16.4,17.0,1.7,1.1,2.8,0.107,-0.5,-0.4,-0.9,0.3
azubuke01,Kelenna Azubuike,SG,24,GSW,81,21.4,3.2,7.2,0.445,0.9,2.4,0.364,2.3,4.8,0.485,0.505,1.2,1.7,0.364,1.3,2.7,4.0,0.9,0.6,0.4,0.7,2.0,8.5,13.5,0.534,0.332,0.235,6.4,14.0,10.0,6.1,1.3,1.4,8.2,17.2,2.3,1.1,3.4,0.094,0.0,-0.9,-0.8,0.5
balkmre01,Renaldo Balkman,SF,23,NYK,65,14.6,1.4,2.9,0.489,0.0,0.2,0.083,1.4,2.7,0.517,0.492,0.6,1.5,0.083,1.3,2.0,3.3,0.6,0.7,0.5,0.6,2.0,3.4,11.5,0.492,0.065,0.511,9.6,16.4,12.9,6.5,2.4,2.4,14.0,12.5,0.4,0.9,1.3,0.065,-2.9,1.0,-1.8,0.0
banksma01,Marcus Banks,PG,26,TOT,36,15.8,2.4,5.3,0.45,1.1,2.8,0.392,1.3,2.5,0.517,0.555,0.8,1.0,0.392,0.1,1.1,1.3,1.7,0.4,0.4,1.0,1.8,6.6,12.6,0.579,0.534,0.183,0.9,8.3,4.6,17.7,1.3,1.6,15.2,19.7,0.5,0.3,0.8,0.068,-0.8,-0.7,-1.5,0.1
barbole01,Leandro Barbosa,SG,25,PHO,82,29.5,5.8,12.5,0.462,2.0,5.1,0.389,3.8,7.3,0.514,0.543,2.1,2.6,0.389,0.5,2.3,2.8,2.6,0.9,0.2,1.4,2.4,15.6,15.8,0.575,0.413,0.209,2.0,8.2,5.4,13.5,1.5,0.5,9.5,22.8,3.9,1.6,5.5,0.109,1.1,-0.9,0.2,1.4
bareajo01,J.J. Barea,PG,23,DAL,44,10.5,1.6,3.9,0.418,0.5,1.2,0.389,1.1,2.6,0.431,0.479,0.6,0.8,0.389,0.1,1.0,1.1,1.3,0.3,0.0,0.8,1.1,4.3,11.7,0.515,0.318,0.206,1.0,10.5,5.9,20.6,1.6,0.2,15.9,22.3,0.0,0.5,0.5,0.052,-1.7,-0.2,-1.9,0.0
bargnan01,Andrea Bargnani,PF,22,TOR,78,23.9,3.6,9.3,0.386,1.2,3.3,0.345,2.4,5.9,0.409,0.448,1.8,2.2,0.345,0.6,3.1,3.7,1.1,0.3,0.5,1.1,2.7,10.2,10.6,0.495,0.36,0.233,3.2,15.2,9.2,7.4,0.7,1.6,9.9,22.5,-0.3,1.6,1.4,0.036,-2.5,-1.2,-3.7,-0.8
barnema02,Matt Barnes,PF,27,GSW,73,19.4,2.6,6.1,0.423,0.7,2.5,0.293,1.8,3.6,0.513,0.483,0.8,1.1,0.293,1.3,3.2,4.4,1.9,0.7,0.5,1.2,2.2,6.7,12.9,0.51,0.41,0.179,6.8,18.1,12.3,13.5,1.6,1.9,15.1,16.7,1.0,1.3,2.3,0.077,-0.5,0.3,-0.2,0.6
barroea01,Earl Barron,C,26,MIA,46,19.3,2.9,7.1,0.404,0.0,0.3,0.077,2.8,6.8,0.417,0.405,1.3,1.9,0.077,1.5,2.8,4.3,0.6,0.4,0.2,1.0,2.5,7.1,9.4,0.446,0.04,0.266,8.9,17.9,13.3,5.8,1.1,0.7,11.6,22.0,-1.0,0.6,-0.4,-0.019,-5.0,-2.2,-7.2,-1.2
barrybr01,Brent Barry,SF,36,SAS,31,17.9,2.5,5.2,0.481,1.5,3.6,0.429,0.9,1.5,0.604,0.631,0.6,0.6,0.429,0.4,1.4,1.8,1.7,0.5,0.1,0.6,1.4,7.1,16.7,0.655,0.7,0.125,2.6,9.0,5.9,16.1,1.7,0.4,9.6,16.1,1.5,0.8,2.3,0.203,2.4,1.2,3.6,0.8
bassbr01,Brandon Bass,C,22,DAL,79,19.7,3.1,6.2,0.499,0.0,0.1,0.0,3.1,6.2,0.503,0.499,2.1,2.5,0.0,1.5,2.9,4.4,0.7,0.3,0.6,1.0,1.9,8.3,15.9,0.564,0.008,0.4,9.2,16.3,12.9,6.1,0.8,2.3,12.4,19.8,2.4,1.9,4.3,0.132,-0.2,-0.2,-0.4,0.6
battish01,Shane Battier,SF,29,HOU,80,36.3,3.3,7.7,0.428,1.7,4.6,0.377,1.6,3.1,0.504,0.54,0.9,1.3,0.377,1.6,3.5,5.1,1.9,1.0,1.1,1.0,2.5,9.3,11.7,0.561,0.596,0.163,5.2,10.5,7.9,8.0,1.4,2.3,10.5,11.7,3.6,4.6,8.2,0.135,0.0,1.9,2.0,2.9
belinma01,Marco Belinelli,SG,21,GSW,33,7.3,1.1,2.8,0.387,0.5,1.2,0.39,0.6,1.6,0.385,0.473,0.2,0.3,0.39,0.1,0.3,0.4,0.5,0.2,0.0,0.4,0.5,2.9,8.2,0.49,0.441,0.097,1.3,5.1,3.1,8.8,1.0,0.0,11.0,19.1,0.0,0.0,0.0,-0.002,-2.2,-2.4,-4.6,-0.2
bellch01,Charlie Bell,SG,28,MIL,68,23.9,2.7,7.1,0.381,1.1,3.2,0.341,1.6,4.0,0.413,0.457,1.0,1.3,0.341,0.5,2.0,2.5,3.1,0.8,0.0,1.1,1.8,7.6,10.9,0.49,0.447,0.179,2.1,10.3,6.0,19.9,1.7,0.1,12.7,16.6,1.0,0.3,1.3,0.038,-1.4,-1.1,-2.5,-0.2
bellra01,Raja Bell,SG,31,PHO,75,35.3,4.2,10.0,0.421,2.3,5.9,0.401,1.9,4.2,0.449,0.538,1.1,1.2,0.401,0.6,3.0,3.7,2.2,0.7,0.4,0.9,2.9,11.9,10.5,0.561,0.583,0.121,2.2,9.0,5.9,8.6,1.0,0.7,7.6,14.5,3.0,1.5,4.5,0.082,-0.3,-0.5,-0.8,0.8
bibbymi01,Mike Bibby,PG,29,TOT,48,32.8,5.2,12.6,0.411,1.9,5.2,0.375,3.2,7.4,0.437,0.488,1.6,2.1,0.375,0.3,3.0,3.3,6.0,1.1,0.1,2.5,2.0,13.9,14.5,0.515,0.411,0.166,1.2,10.6,6.0,30.9,1.8,0.2,15.5,22.0,1.1,0.9,2.1,0.063,0.4,-1.6,-1.3,0.3
biedran01,Andris Biedriņš,C,21,GSW,76,27.3,4.5,7.1,0.626,0.0,0.0,0.0,4.5,7.1,0.626,0.626,1.5,2.5,0.0,3.4,6.4,9.8,1.0,0.7,1.2,1.1,3.4,10.5,19.2,0.637,0.0,0.344,12.7,26.2,19.1,5.2,1.3,3.3,12.0,14.4,5.4,2.6,8.0,0.185,1.1,0.1,1.1,1.6
billuch01,Chauncey Billups,PG,31,DET,78,32.3,5.0,11.2,0.448,1.8,4.4,0.401,3.3,6.9,0.479,0.526,5.1,5.6,0.401,0.5,2.2,2.7,6.8,1.3,0.2,2.1,1.7,17.0,23.6,0.619,0.39,0.498,2.0,8.1,5.0,34.7,2.2,0.5,13.0,23.0,10.2,3.4,13.5,0.257,6.5,1.2,7.7,6.2
blakest01,Steve Blake,PG,27,POR,81,29.9,3.2,7.9,0.408,1.5,3.7,0.406,1.7,4.2,0.409,0.502,0.6,0.8,0.406,0.4,2.0,2.4,5.1,0.7,0.0,1.4,1.6,8.5,12.0,0.518,0.466,0.1,1.5,7.9,4.7,27.1,1.2,0.1,14.5,15.3,2.5,1.3,3.8,0.075,0.1,-0.6,-0.5,0.9
blatcan01,Andray Blatche,PF,21,WAS,82,20.4,3.1,6.5,0.474,0.0,0.2,0.231,3.1,6.4,0.48,0.477,1.3,1.9,0.231,2.0,3.2,5.2,1.1,0.6,1.4,1.4,3.1,7.5,15.5,0.512,0.024,0.287,11.2,18.8,14.9,9.2,1.7,5.7,15.6,19.7,0.8,2.1,3.0,0.085,-2.4,0.7,-1.7,0.1
blounma01,Mark Blount,C,32,MIA,69,22.3,3.4,7.5,0.462,0.2,0.6,0.386,3.2,6.8,0.469,0.479,1.3,2.0,0.386,1.0,2.8,3.8,0.6,0.5,0.5,1.0,1.9,8.4,11.4,0.505,0.085,0.268,5.3,15.3,10.2,4.8,1.1,1.8,10.8,19.8,-0.3,1.0,0.7,0.021,-2.9,-1.2,-4.0,-0.8
boganke01,Keith Bogans,SG,27,ORL,82,26.8,2.9,7.2,0.41,1.8,5.0,0.362,1.1,2.2,0.52,0.536,1.0,1.3,0.362,0.5,2.7,3.2,1.3,0.7,0.1,0.6,2.0,8.7,10.9,0.559,0.696,0.187,2.3,11.3,7.0,7.1,1.4,0.3,7.7,14.4,2.6,2.3,4.9,0.106,0.1,0.5,0.6,1.4
bogutan01,Andrew Bogut,C,23,MIL,78,34.9,6.0,11.7,0.511,0.0,0.1,0.0,6.0,11.6,0.515,0.511,2.4,4.1,0.0,3.1,6.6,9.8,2.6,0.8,1.7,2.2,3.3,14.3,17.5,0.532,0.008,0.354,10.2,23.4,16.5,12.4,1.2,3.9,14.1,20.2,2.6,2.3,4.8,0.085,0.0,0.0,0.0,1.4
bonnema01,Matt Bonner,PF,27,SAS,68,12.5,1.8,4.3,0.416,0.7,2.0,0.336,1.1,2.3,0.487,0.495,0.6,0.6,0.336,0.8,2.0,2.8,0.5,0.2,0.3,0.6,1.6,4.8,12.4,0.525,0.471,0.151,7.4,19.0,13.3,6.2,0.9,1.5,11.2,19.6,0.5,1.5,2.0,0.11,-1.8,0.3,-1.5,0.1
boonejo01,Josh Boone,PF,23,NJN,70,25.3,3.4,6.2,0.548,0.0,0.0,0.0,3.4,6.2,0.548,0.548,1.4,3.1,0.0,2.7,4.5,7.3,0.8,0.5,0.9,1.0,2.2,8.2,14.8,0.543,0.0,0.5,12.5,20.8,16.6,5.3,1.1,2.7,11.4,15.4,1.9,1.8,3.7,0.1,-0.9,-0.9,-1.8,0.1
boothca01,Calvin Booth,C,31,PHI,31,6.6,0.3,0.9,0.333,0.0,0.0,0.0,0.3,0.9,0.333,0.333,0.2,0.3,0.0,0.2,1.0,1.2,0.3,0.2,0.6,0.1,1.1,0.8,7.1,0.382,0.0,0.37,3.5,18.8,11.1,5.4,1.6,7.0,11.3,7.8,-0.1,0.4,0.3,0.065,-5.5,3.2,-2.3,0.0
boozeca01,Carlos Boozer,PF,26,UTA,81,34.9,8.8,16.0,0.547,0.0,0.0,0.0,8.8,16.0,0.547,0.547,3.6,4.9,0.0,2.4,8.0,10.4,2.9,1.2,0.5,2.6,3.6,21.1,21.9,0.581,0.001,0.303,8.6,27.7,18.2,14.2,1.8,1.2,12.5,26.6,5.9,4.3,10.2,0.173,2.5,0.3,2.8,3.5
boshch01,Chris Bosh,C,23,TOR,67,36.2,7.6,15.3,0.494,0.1,0.4,0.4,7.4,15.0,0.496,0.499,7.0,8.3,0.4,2.6,6.1,8.7,2.6,0.9,1.0,2.3,2.3,22.3,23.8,0.588,0.024,0.544,8.4,20.1,14.2,12.1,1.4,2.2,10.7,27.7,7.0,3.1,10.1,0.2,4.0,0.4,4.4,3.9
bowenbr01,Bruce Bowen,SF,36,SAS,81,30.2,2.1,5.3,0.407,1.1,2.7,0.419,1.0,2.6,0.394,0.512,0.6,0.9,0.419,0.4,2.5,2.9,1.1,0.7,0.3,0.6,2.2,6.0,7.0,0.527,0.502,0.161,1.6,9.6,5.6,5.5,1.2,0.7,9.1,9.9,0.9,3.4,4.4,0.085,-2.9,1.5,-1.4,0.4
bowenry01,Ryan Bowen,SF,32,NOH,53,12.5,0.9,1.9,0.49,0.0,0.0,0.0,0.9,1.9,0.495,0.49,0.3,0.5,0.0,1.0,0.8,1.9,0.5,0.6,0.2,0.3,1.5,2.2,9.9,0.505,0.01,0.29,9.5,8.2,8.9,5.2,2.6,1.3,11.7,9.0,0.6,0.8,1.5,0.107,-2.5,1.8,-0.8,0.2
boykiea01,Earl Boykins,PG,31,CHA,36,16.0,1.7,4.8,0.355,0.4,1.2,0.318,1.3,3.6,0.367,0.395,1.4,1.6,0.318,0.3,0.7,0.9,2.7,0.4,0.0,1.1,0.6,5.1,10.0,0.467,0.256,0.343,1.8,5.0,3.4,26.0,1.2,0.0,17.2,19.0,-0.1,0.1,0.0,0.001,-2.0,-2.8,-4.8,-0.4
breweco01,Corey Brewer,SF,21,MIN,79,22.8,2.3,6.2,0.374,0.1,0.5,0.194,2.2,5.7,0.389,0.382,1.1,1.4,0.194,1.0,2.7,3.7,1.4,1.0,0.3,1.1,2.4,5.8,8.3,0.429,0.074,0.226,5.1,13.9,9.4,9.1,2.2,1.1,14.3,15.6,-1.4,1.2,-0.2,-0.005,-4.2,0.1,-4.1,-1.0
brewero02,Ronnie Brewer,SG,22,UTA,76,27.5,4.7,8.3,0.558,0.1,0.7,0.22,4.5,7.7,0.587,0.567,2.6,3.4,0.22,1.3,1.6,2.9,1.8,1.7,0.3,0.9,1.4,12.0,18.4,0.612,0.079,0.405,5.7,7.0,6.4,9.7,3.2,0.7,8.5,17.5,5.4,2.4,7.8,0.178,2.2,1.6,3.8,3.1
brezepr01,Primož Brezec,C,28,TOT,50,9.5,0.9,1.9,0.468,0.0,0.0,0.0,0.9,1.9,0.468,0.468,0.5,0.8,0.0,0.6,1.0,1.6,0.2,0.1,0.1,0.5,1.7,2.2,5.4,0.502,0.0,0.426,7.3,12.6,10.0,3.5,0.3,1.2,17.7,13.3,-0.1,0.3,0.2,0.017,-6.1,-1.2,-7.3,-0.6
brookaa01,Aaron Brooks,PG,23,HOU,51,11.9,1.8,4.4,0.413,0.7,2.1,0.33,1.1,2.3,0.491,0.493,0.8,1.0,0.33,0.3,0.8,1.1,1.7,0.3,0.1,0.9,1.4,5.2,13.1,0.535,0.484,0.218,2.5,7.9,5.2,23.5,1.1,0.6,15.1,21.8,0.6,0.8,1.4,0.112,-0.5,0.2,-0.2,0.3
brownan01,Andre Brown,PF,26,MEM,33,8.7,1.2,2.4,0.5,0.0,0.0,0.0,1.2,2.4,0.5,0.5,0.7,1.5,0.0,1.1,1.7,2.8,0.2,0.2,0.1,0.4,1.2,3.0,13.5,0.502,0.0,0.628,14.4,21.8,18.0,4.4,1.2,1.0,12.3,17.7,0.2,0.2,0.4,0.068,-2.5,-2.2,-4.7,-0.2
brownde02,Devin Brown,SG,29,CLE,78,22.6,2.8,6.8,0.409,0.6,1.9,0.308,2.2,4.9,0.447,0.451,1.4,1.8,0.308,0.8,2.5,3.4,2.2,0.7,0.1,1.3,1.8,7.5,11.3,0.494,0.275,0.267,4.1,13.2,8.5,16.1,1.6,0.3,14.3,17.8,0.6,1.7,2.4,0.064,-2.1,-0.1,-2.1,-0.1
brownkw01,Kwame Brown,C,25,TOT,38,18.8,1.9,3.7,0.507,0.0,0.0,0.0,1.9,3.7,0.507,0.507,1.1,2.6,0.0,1.3,3.6,4.9,1.2,0.6,0.6,1.3,2.2,4.8,10.1,0.497,0.0,0.69,8.1,20.8,14.7,9.0,1.6,2.3,21.6,14.6,-0.3,1.0,0.6,0.043,-3.3,1.0,-2.3,0.0
bryanko01,Kobe Bryant,SG,29,LAL,82,38.9,9.5,20.6,0.459,1.8,5.1,0.361,7.6,15.5,0.49,0.503,7.6,9.0,0.361,1.1,5.2,6.3,5.4,1.8,0.5,3.1,2.8,28.3,24.2,0.576,0.246,0.439,3.4,14.1,9.0,23.9,2.4,0.9,11.3,31.4,9.5,4.3,13.8,0.208,5.2,0.6,5.8,6.3
buckngr01,Greg Buckner,SG,31,MIN,31,16.8,1.5,3.8,0.385,0.5,1.6,0.3,1.0,2.2,0.448,0.449,0.6,0.7,0.3,0.3,1.8,2.1,1.3,0.7,0.1,0.9,2.0,4.0,7.2,0.489,0.427,0.188,2.2,12.7,7.2,10.8,2.1,0.3,18.6,13.5,-0.2,0.3,0.1,0.008,-4.4,0.2,-4.1,-0.3
butleca01,Caron Butler,SF,27,WAS,58,39.9,7.6,16.3,0.466,1.1,3.2,0.357,6.4,13.1,0.492,0.501,4.1,4.5,0.357,1.6,5.1,6.7,4.9,2.2,0.3,2.6,2.8,20.3,20.7,0.558,0.196,0.278,4.6,15.4,9.8,21.9,3.0,0.7,12.4,24.0,4.8,2.4,7.2,0.15,3.0,1.1,4.1,3.5
butlera01,Rasual Butler,SF,28,NOH,51,17.2,1.8,5.1,0.35,0.9,2.6,0.331,0.9,2.5,0.37,0.435,0.5,0.6,0.331,0.3,1.6,2.0,0.7,0.3,0.4,0.2,1.3,4.9,8.8,0.46,0.512,0.119,2.1,11.5,6.7,5.9,0.9,1.9,3.5,15.1,0.3,0.8,1.2,0.063,-1.8,-0.1,-1.9,0.0
bynuman01,Andrew Bynum,C,20,LAL,35,28.8,5.4,8.5,0.636,0.0,0.0,0.0,5.4,8.5,0.636,0.636,2.3,3.4,0.0,3.0,7.2,10.2,1.7,0.3,2.1,1.5,2.8,13.1,22.6,0.659,0.0,0.397,12.1,26.6,19.6,9.6,0.6,5.1,13.0,17.5,3.0,1.8,4.8,0.23,2.9,1.3,4.2,1.6
caldejo01,José Calderón,PG,26,TOR,82,30.3,4.5,8.6,0.519,1.0,2.2,0.429,3.5,6.4,0.551,0.575,1.3,1.5,0.429,0.4,2.5,2.9,8.3,1.1,0.1,1.5,1.6,11.2,20.5,0.607,0.26,0.17,1.6,9.7,5.6,42.3,1.9,0.2,14.2,16.8,8.1,2.2,10.2,0.197,4.1,0.4,4.5,4.1
cambyma01,Marcus Camby,C,33,DEN,79,34.9,3.6,8.0,0.45,0.1,0.3,0.3,3.5,7.8,0.455,0.455,1.8,2.6,0.3,2.9,10.2,13.1,3.3,1.1,3.6,1.5,2.7,9.1,17.2,0.498,0.031,0.318,9.2,31.1,20.3,12.9,1.5,7.3,14.0,13.0,2.6,5.9,8.5,0.148,0.1,3.3,3.4,3.8
cardibr01,Brian Cardinal,PF,30,MEM,37,11.9,1.2,3.4,0.341,0.7,2.2,0.309,0.5,1.2,0.4,0.44,0.4,0.5,0.309,0.7,1.9,2.6,0.6,0.3,0.1,0.6,1.7,3.4,7.3,0.461,0.643,0.151,6.6,18.0,12.2,7.4,1.1,0.3,14.6,15.9,-0.2,0.2,0.0,0.003,-3.9,-1.3,-5.2,-0.4
carnero01,Rodney Carney,SF,23,PHI,70,14.8,2.3,5.6,0.403,0.5,1.7,0.317,1.7,3.9,0.441,0.452,0.8,1.2,0.317,0.7,1.4,2.1,0.5,0.6,0.3,0.5,1.4,5.8,12.1,0.478,0.306,0.207,5.7,11.4,8.5,5.0,2.0,1.8,7.4,20.0,0.4,1.2,1.6,0.075,-1.4,-0.3,-1.7,0.1
carroma01,Matt Carroll,SG,27,CHA,80,25.2,3.2,7.4,0.428,1.3,3.0,0.436,1.8,4.4,0.422,0.517,1.4,1.7,0.436,0.4,2.4,2.8,0.9,0.6,0.2,0.7,2.3,9.0,10.7,0.554,0.409,0.234,1.9,11.1,6.4,5.8,1.2,0.7,8.2,16.1,1.9,1.0,3.0,0.071,-1.2,-0.8,-2.0,0.0
cartean01,Anthony Carter,PG,32,DEN,70,28.0,3.1,6.8,0.458,0.6,1.8,0.349,2.5,5.0,0.499,0.505,0.9,1.2,0.349,0.4,2.5,2.9,5.5,1.5,0.4,1.8,2.5,7.8,12.8,0.531,0.271,0.179,1.5,9.4,5.5,27.4,2.6,1.0,19.5,13.8,1.6,2.2,3.8,0.092,-1.2,1.2,-0.1,1.0
cartevi01,Vince Carter,SG,31,NJN,76,38.9,7.7,16.9,0.456,1.3,3.6,0.359,6.4,13.3,0.482,0.494,4.6,5.6,0.359,1.5,4.5,6.0,5.1,1.2,0.4,2.4,3.2,21.3,18.8,0.55,0.212,0.333,4.4,13.4,8.9,25.2,1.6,0.9,10.9,25.6,5.5,2.2,7.7,0.126,2.6,-0.3,2.4,3.3
cassesa01,Sam Cassell,PG,38,TOT,55,23.2,4.2,9.7,0.438,0.4,1.4,0.303,3.8,8.3,0.461,0.46,2.3,2.6,0.303,0.3,2.2,2.5,3.9,0.7,0.1,1.8,1.8,11.2,15.4,0.517,0.143,0.271,1.6,10.8,6.2,31.5,1.5,0.4,14.0,25.1,0.7,1.1,1.8,0.067,-0.3,-0.7,-0.9,0.3
chandty01,Tyson Chandler,C,25,NOH,79,35.2,4.8,7.7,0.623,0.0,0.0,0.0,4.8,7.6,0.624,0.623,2.2,3.7,0.0,4.1,7.7,11.7,1.0,0.6,1.1,1.7,3.1,11.8,17.5,0.632,0.002,0.488,13.2,26.1,19.5,4.4,0.9,2.4,15.6,14.5,5.9,4.1,10.0,0.172,0.7,-0.2,0.4,1.7
chandwi01,Wilson Chandler,SF,20,NYK,35,19.6,3.0,6.9,0.438,0.3,0.9,0.3,2.8,6.1,0.458,0.457,1.0,1.5,0.3,1.1,2.5,3.6,0.9,0.4,0.5,0.8,2.4,7.3,11.7,0.48,0.124,0.223,6.1,15.3,10.6,8.1,1.1,1.8,9.2,19.2,0.2,0.4,0.5,0.038,-2.9,-1.1,-4.0,-0.3
childjo01,Josh Childress,SF,24,ATL,76,29.9,4.3,7.5,0.571,0.3,0.8,0.367,4.0,6.8,0.595,0.59,2.9,3.6,0.367,2.3,2.6,4.9,1.5,0.9,0.6,1.3,1.7,11.8,17.8,0.647,0.105,0.48,9.0,10.2,9.6,8.5,1.6,1.4,12.4,15.8,6.0,1.5,7.6,0.16,2.3,-0.3,2.0,2.3
collija03,Jarron Collins,C,29,UTA,70,10.0,0.5,1.2,0.439,0.0,0.0,0.0,0.5,1.2,0.444,0.439,0.7,1.1,0.0,0.6,1.1,1.7,0.5,0.1,0.1,0.3,1.5,1.7,6.1,0.515,0.012,0.902,7.0,13.1,10.1,6.8,0.7,0.7,16.1,8.7,0.5,0.5,1.0,0.07,-3.3,-0.1,-3.4,-0.3
collija04,Jason Collins,C,29,TOT,74,15.8,0.7,1.5,0.469,0.0,0.0,0.0,0.7,1.5,0.473,0.469,0.5,1.0,0.0,0.9,1.5,2.4,0.3,0.3,0.3,0.6,2.6,1.9,3.4,0.481,0.009,0.655,6.2,11.1,8.7,3.1,1.0,1.6,24.8,7.4,-0.5,0.6,0.1,0.005,-6.7,0.0,-6.7,-1.4
collima01,Mardy Collins,SG,23,NYK,46,13.8,1.2,3.8,0.326,0.2,0.7,0.25,1.1,3.1,0.343,0.349,0.5,0.8,0.25,0.4,1.2,1.6,1.9,0.5,0.2,1.2,1.2,3.2,5.9,0.378,0.183,0.217,3.3,10.4,6.7,21.4,2.0,1.0,22.6,17.5,-1.4,0.3,-1.0,-0.079,-5.5,-0.9,-6.4,-0.7
collini01,Nick Collison,PF,27,SEA,78,28.5,4.1,8.2,0.502,0.0,0.0,0.0,4.1,8.2,0.504,0.502,1.6,2.1,0.0,3.3,6.1,9.4,1.4,0.6,0.8,1.5,3.2,9.8,15.0,0.537,0.003,0.261,12.5,23.3,17.9,7.9,1.1,1.9,14.2,16.2,2.2,2.3,4.5,0.098,-1.2,-0.2,-1.4,0.3
conlemi01,Mike Conley,PG,20,MEM,53,26.1,3.6,8.3,0.428,0.6,1.7,0.33,3.0,6.6,0.453,0.462,1.7,2.3,0.33,0.4,2.2,2.6,4.2,0.8,0.0,1.7,1.6,9.4,12.6,0.502,0.206,0.278,1.7,9.7,5.6,25.3,1.6,0.1,15.2,18.8,0.6,0.5,1.1,0.038,-1.6,-1.3,-3.0,-0.3
cookbr01,Brian Cook,PF,27,TOT,51,12.3,1.7,4.6,0.376,0.8,2.3,0.374,0.9,2.3,0.378,0.468,0.4,0.4,0.374,0.5,1.6,2.1,0.5,0.3,0.2,0.8,1.8,4.7,8.6,0.489,0.491,0.09,5.3,14.2,10.0,6.8,1.1,1.4,13.8,20.5,-0.4,0.7,0.4,0.029,-3.1,-0.7,-3.8,-0.3
cookda02,Daequan Cook,SG,20,MIA,59,24.4,3.3,8.7,0.381,1.3,4.0,0.332,2.0,4.7,0.424,0.458,0.8,1.0,0.332,0.3,2.7,3.0,1.3,0.4,0.2,1.1,2.7,8.8,7.9,0.48,0.463,0.111,1.6,13.3,7.4,9.1,0.8,0.5,10.5,19.8,-1.0,0.6,-0.4,-0.013,-3.4,-1.9,-5.2,-1.2
crawfja01,Jamal Crawford,SG,27,NYK,80,39.9,7.1,17.4,0.41,2.2,6.2,0.356,4.9,11.2,0.439,0.473,4.1,4.8,0.356,0.5,2.1,2.6,5.0,1.0,0.2,2.4,1.8,20.6,16.0,0.528,0.355,0.274,1.3,6.3,3.7,22.0,1.3,0.4,11.0,24.6,4.6,0.4,5.0,0.076,2.1,-1.8,0.3,1.9
crittja01,Javaris Crittenton,SG,20,TOT,50,13.6,2.0,4.7,0.421,0.2,0.7,0.27,1.8,3.9,0.449,0.442,1.4,2.1,0.27,0.5,1.7,2.2,1.0,0.4,0.0,1.1,0.9,5.6,11.0,0.499,0.159,0.446,4.5,13.7,9.1,11.7,1.4,0.2,16.5,21.8,-0.3,0.4,0.1,0.004,-2.7,-1.4,-4.1,-0.4
croshau01,Austin Croshere,PF,32,GSW,44,10.4,1.4,3.1,0.445,0.5,1.4,0.361,0.9,1.7,0.513,0.526,0.7,0.7,0.361,0.8,1.6,2.4,0.7,0.2,0.1,0.5,1.4,3.9,13.2,0.573,0.445,0.234,7.4,17.3,12.2,9.0,0.9,1.0,12.7,16.0,0.8,0.3,1.1,0.112,-0.2,-0.8,-1.1,0.1
curryed01,Eddy Curry,C,25,NYK,59,25.9,5.0,9.2,0.546,0.0,0.0,0.0,5.0,9.2,0.546,0.546,3.2,5.1,0.0,1.9,2.8,4.7,0.5,0.2,0.5,2.1,2.7,13.2,15.0,0.578,0.0,0.551,8.0,12.6,10.2,3.8,0.5,1.5,15.7,23.5,1.3,0.4,1.7,0.053,-0.8,-2.0,-2.8,-0.3
dalemsa01,Samuel Dalembert,C,26,PHI,82,33.2,4.1,8.1,0.513,0.0,0.0,0.0,4.1,8.0,0.514,0.513,2.3,3.2,0.0,3.7,6.6,10.4,0.5,0.5,2.3,1.9,3.3,10.5,15.6,0.556,0.002,0.398,13.1,24.0,18.5,2.5,0.8,5.6,16.6,15.4,2.6,4.3,6.9,0.121,-1.5,0.5,-1.0,0.7
dampier01,Erick Dampier,C,32,DAL,72,24.4,2.5,3.8,0.643,0.0,0.0,0.0,2.5,3.8,0.643,0.643,1.2,2.0,0.0,2.9,4.6,7.5,0.9,0.3,1.5,1.1,3.1,6.1,15.3,0.645,0.0,0.527,14.1,21.2,17.8,5.4,0.7,4.4,19.0,11.2,3.3,2.8,6.0,0.165,-0.2,1.2,1.1,1.4
daniean01,Antonio Daniels,PG,32,WAS,71,30.4,2.9,6.3,0.459,0.2,1.0,0.23,2.6,5.3,0.504,0.478,2.4,3.1,0.23,0.3,2.5,2.9,4.8,1.0,0.0,1.3,1.1,8.4,13.7,0.549,0.166,0.49,1.2,10.0,5.5,24.0,1.7,0.1,14.3,13.5,3.5,1.0,4.5,0.099,-0.4,-0.3,-0.8,0.7
daniema01,Marquis Daniels,SG,27,IND,74,20.9,3.3,7.6,0.43,0.4,1.4,0.265,2.9,6.2,0.466,0.454,1.3,1.9,0.265,0.9,2.0,2.9,1.9,1.1,0.2,1.5,1.6,8.2,11.6,0.487,0.182,0.248,4.6,10.5,7.5,14.1,2.5,0.9,15.3,20.6,-0.7,1.6,0.9,0.028,-2.7,0.3,-2.4,-0.1
davidje01,Jermareo Davidson,SF,23,CHA,38,8.5,1.3,3.3,0.408,0.0,0.0,0.0,1.3,3.3,0.408,0.408,0.5,0.7,0.0,0.6,1.1,1.6,0.3,0.2,0.4,0.4,1.2,3.2,9.8,0.437,0.0,0.224,7.5,14.7,11.1,6.9,1.1,3.5,11.0,21.9,-0.4,0.3,-0.1,-0.012,-4.6,-0.6,-5.2,-0.3
davisba01,Baron Davis,PG,28,GSW,82,39.0,7.9,18.6,0.426,2.1,6.4,0.33,5.8,12.2,0.477,0.483,3.9,5.2,0.33,1.2,3.5,4.7,7.6,2.3,0.5,2.8,3.0,21.8,19.8,0.523,0.344,0.278,3.1,10.1,6.4,29.7,2.9,1.0,11.9,25.6,5.9,2.8,8.7,0.131,3.2,0.3,3.6,4.5
davisgl01,Glen Davis,C,22,BOS,69,13.6,1.6,3.2,0.484,0.0,0.0,0.0,1.6,3.2,0.484,0.484,1.4,2.2,0.0,1.4,1.6,3.0,0.4,0.4,0.3,0.9,2.3,4.5,11.3,0.545,0.0,0.679,12.8,13.5,13.2,4.6,1.7,1.7,18.5,17.4,0.6,1.9,2.5,0.128,-3.6,0.7,-3.0,-0.2
davisri01,Ricky Davis,SF,28,MIA,82,36.1,5.1,11.8,0.433,1.6,4.1,0.405,3.5,7.8,0.447,0.502,1.9,2.4,0.405,0.7,3.6,4.3,3.4,1.1,0.2,2.3,2.3,13.8,12.0,0.534,0.343,0.203,2.2,12.2,7.1,16.4,1.6,0.4,15.3,20.0,0.3,1.6,1.9,0.03,-1.0,-1.0,-2.0,0.0
delfica01,Carlos Delfino,SG,25,TOR,82,23.5,3.1,7.7,0.397,1.5,3.8,0.382,1.6,3.9,0.412,0.492,1.4,1.9,0.382,0.8,3.6,4.4,1.8,0.8,0.1,0.9,2.2,9.0,13.6,0.527,0.497,0.247,4.0,18.1,11.0,11.3,1.9,0.5,9.7,19.0,1.7,2.3,4.0,0.1,0.0,0.3,0.4,1.2
denglu01,Luol Deng,SF,22,CHI,63,33.8,6.8,14.2,0.479,0.1,0.3,0.364,6.7,13.9,0.482,0.483,3.2,4.2,0.364,2.2,4.1,6.3,2.5,0.9,0.5,1.9,1.9,17.0,17.0,0.528,0.025,0.296,7.0,14.2,10.4,13.2,1.4,1.1,10.6,23.6,2.4,1.9,4.4,0.098,1.1,-1.0,0.1,1.1
diawbo01,Boris Diaw,PF,25,PHO,82,28.1,3.8,7.9,0.477,0.2,0.5,0.317,3.6,7.4,0.488,0.487,1.2,1.6,0.317,1.2,3.4,4.6,3.9,0.7,0.5,1.9,2.0,8.8,12.0,0.516,0.063,0.2,5.2,12.7,9.3,19.0,1.3,1.1,18.1,16.6,1.1,1.9,3.0,0.063,-1.0,0.2,-0.8,0.7
diawaya01,Yakhouba Diawara,SG,25,DEN,54,10.0,1.0,2.5,0.41,0.4,1.2,0.318,0.6,1.3,0.5,0.489,0.4,0.6,0.318,0.4,0.7,1.1,0.7,0.1,0.1,0.3,1.1,2.8,8.1,0.518,0.493,0.231,4.7,7.6,6.2,9.3,0.7,0.4,9.8,12.8,0.5,0.3,0.7,0.065,-2.6,-1.1,-3.6,-0.2
dickada01,Dan Dickau,PG,29,LAC,67,15.5,1.9,4.4,0.419,0.5,1.6,0.333,1.3,2.8,0.468,0.48,1.0,1.2,0.333,0.2,1.3,1.4,2.6,0.5,0.0,0.8,1.6,5.3,12.5,0.53,0.365,0.277,1.4,9.4,5.4,27.9,1.6,0.2,14.2,17.2,0.9,0.6,1.5,0.071,-1.4,-0.4,-1.7,0.1
dienetr01,Travis Diener,PG,25,IND,66,20.5,2.4,6.5,0.37,1.1,3.5,0.318,1.3,3.0,0.431,0.456,1.0,1.1,0.318,0.4,1.3,1.7,3.8,0.5,0.1,0.8,1.6,6.9,12.2,0.494,0.542,0.165,2.0,7.3,4.6,27.7,1.3,0.2,10.7,16.5,1.7,0.8,2.5,0.088,-0.2,-1.1,-1.4,0.2
diopde01,DeSagana Diop,C,26,TOT,79,16.4,1.2,2.3,0.522,0.0,0.0,0.0,1.2,2.3,0.522,0.522,0.5,0.9,0.0,2.0,2.9,5.0,0.5,0.3,1.1,0.7,1.8,2.9,12.5,0.536,0.0,0.389,14.6,20.3,17.5,4.6,1.1,5.1,21.6,9.6,1.0,2.0,3.0,0.113,-1.7,1.1,-0.6,0.5
dixonju01,Juan Dixon,PG,29,TOT,53,12.6,2.0,4.9,0.411,0.6,1.4,0.417,1.4,3.5,0.409,0.469,0.4,0.5,0.417,0.3,1.1,1.4,1.8,0.4,0.0,1.0,1.2,5.0,11.3,0.488,0.279,0.101,2.7,10.7,6.7,23.3,1.7,0.2,16.7,22.8,-0.3,0.7,0.4,0.026,-1.8,-0.5,-2.3,-0.1
doolike01,Keyon Dooling,PG,27,ORL,72,18.5,2.8,5.9,0.468,0.3,0.9,0.338,2.4,5.0,0.492,0.494,2.3,2.7,0.338,0.1,1.3,1.4,1.8,0.5,0.1,0.8,1.8,8.1,14.1,0.572,0.154,0.456,0.6,7.8,4.4,16.0,1.4,0.3,10.7,19.6,2.4,1.2,3.7,0.132,-0.9,0.3,-0.6,0.5
doubyqu01,Quincy Douby,PG,23,SAC,74,11.8,1.8,4.5,0.394,0.6,1.6,0.344,1.2,2.9,0.423,0.457,0.6,0.7,0.344,0.2,0.9,1.1,0.7,0.4,0.2,0.8,1.1,4.8,9.7,0.495,0.364,0.155,2.3,8.7,5.6,9.8,1.7,1.1,14.2,21.3,-0.5,0.5,0.0,0.0,-2.2,-1.2,-3.4,-0.3
dudleja01,Jared Dudley,PF,22,CHA,73,19.0,2.2,4.8,0.468,0.1,0.6,0.22,2.1,4.2,0.502,0.481,1.2,1.6,0.22,1.7,2.3,3.9,1.1,0.8,0.1,0.7,1.8,5.8,13.6,0.528,0.118,0.339,10.0,13.8,11.9,9.3,2.1,0.5,11.1,14.9,1.8,1.1,2.9,0.1,-0.7,0.0,-0.7,0.4
duhonch01,Chris Duhon,PG,25,CHI,66,22.6,2.0,5.2,0.387,0.8,2.3,0.348,1.2,2.9,0.418,0.465,1.0,1.2,0.348,0.3,1.5,1.8,4.0,0.7,0.0,1.1,1.4,5.8,11.1,0.508,0.451,0.233,1.4,7.6,4.4,26.5,1.7,0.1,15.8,13.4,1.3,1.0,2.3,0.075,-1.5,-0.2,-1.7,0.1
duncati01,Tim Duncan,C,31,SAS,78,34.0,7.5,15.1,0.497,0.0,0.1,0.0,7.5,15.1,0.498,0.497,4.3,5.9,0.0,3.0,8.3,11.3,2.8,0.7,1.9,2.3,2.4,19.3,24.4,0.546,0.003,0.393,10.7,28.3,19.6,15.7,1.1,4.3,11.4,28.2,4.9,6.2,11.1,0.201,3.0,2.2,5.2,4.8
dunlemi02,Mike Dunleavy,SG,27,IND,82,36.0,6.5,13.6,0.476,2.0,4.7,0.424,4.5,8.9,0.504,0.55,4.1,4.9,0.424,0.7,4.5,5.2,3.5,1.0,0.4,2.3,2.5,19.1,17.3,0.605,0.348,0.361,2.1,13.7,7.8,16.1,1.4,0.8,12.8,21.8,5.9,2.6,8.5,0.138,1.9,-0.2,1.7,2.8
duranke01,Kevin Durant,SG,19,SEA,80,34.6,7.3,17.1,0.43,0.7,2.6,0.288,6.6,14.5,0.455,0.451,4.9,5.6,0.288,0.9,3.5,4.4,2.4,1.0,0.9,2.9,1.5,20.3,15.8,0.519,0.15,0.328,2.8,10.9,6.9,12.0,1.4,1.9,12.9,28.1,0.4,1.9,2.3,0.04,0.5,-0.7,-0.1,1.3
ellismo01,Monta Ellis,SG,22,GSW,81,37.9,8.0,15.1,0.531,0.1,0.6,0.231,7.9,14.5,0.545,0.536,4.0,5.1,0.231,1.6,3.3,5.0,3.9,1.5,0.3,2.1,2.4,20.2,19.0,0.58,0.042,0.34,4.5,9.8,7.0,15.8,2.0,0.6,10.9,21.7,7.1,1.8,9.0,0.14,1.8,-0.3,1.6,2.8
elsonfr01,Francisco Elson,C,31,TOT,63,12.9,1.5,3.7,0.39,0.0,0.0,0.0,1.5,3.7,0.391,0.39,0.4,0.6,0.0,0.8,2.4,3.2,0.4,0.2,0.3,0.7,1.5,3.3,6.9,0.416,0.004,0.157,7.1,21.0,14.2,4.6,1.0,1.8,15.7,17.0,-1.3,1.2,0.0,-0.001,-6.3,0.0,-6.3,-0.9
elyme01,Melvin Ely,C,29,NOH,52,11.9,1.6,3.5,0.472,0.0,0.0,0.0,1.6,3.5,0.472,0.472,0.6,1.1,0.0,0.5,2.3,2.8,0.4,0.1,0.3,0.8,1.5,3.9,9.0,0.491,0.0,0.322,5.1,22.6,13.6,5.4,0.6,2.3,17.0,18.5,-0.5,0.8,0.3,0.022,-5.1,-0.2,-5.2,-0.5
evansma01,Maurice Evans,SG,29,TOT,75,22.9,3.5,7.3,0.481,1.1,2.8,0.388,2.4,4.5,0.539,0.555,0.8,1.1,0.388,1.2,1.7,2.9,1.1,0.6,0.1,0.5,1.9,8.9,13.9,0.571,0.383,0.152,6.4,8.1,7.3,7.5,1.4,0.4,6.4,16.5,3.2,1.6,4.9,0.135,1.2,-0.2,1.0,1.3
evansre01,Reggie Evans,PF,27,PHI,81,23.2,1.9,4.3,0.439,0.0,0.0,1.0,1.9,4.3,0.438,0.441,1.5,3.2,1.0,2.8,4.8,7.5,0.8,1.1,0.1,1.3,2.6,5.2,11.0,0.463,0.003,0.743,14.0,24.7,19.3,5.0,2.4,0.3,19.0,13.6,-0.3,3.0,2.7,0.068,-3.0,0.0,-3.0,-0.5
farmajo01,Jordan Farmar,PG,21,LAL,82,20.6,3.5,7.7,0.461,1.4,3.7,0.371,2.2,4.0,0.546,0.552,0.6,1.0,0.371,0.5,1.8,2.2,2.7,0.9,0.1,1.3,1.3,9.1,15.4,0.563,0.487,0.124,2.7,9.1,6.0,20.5,2.3,0.2,14.0,20.2,2.1,1.8,3.9,0.111,1.3,0.0,1.3,1.4
feltora01,Raymond Felton,PG,23,CHA,79,37.6,5.2,12.6,0.413,0.7,2.5,0.28,4.5,10.1,0.447,0.441,3.3,4.1,0.28,0.5,2.5,3.0,7.4,1.2,0.2,2.7,2.3,14.4,13.8,0.5,0.201,0.326,1.4,7.7,4.6,32.4,1.7,0.3,15.7,20.8,2.0,1.4,3.4,0.054,-0.6,-1.5,-2.1,-0.1
finlemi01,Michael Finley,SG,34,SAS,82,26.9,3.8,9.3,0.414,1.6,4.4,0.37,2.2,4.9,0.453,0.501,0.8,1.0,0.37,0.3,2.8,3.1,1.4,0.4,0.1,0.7,1.1,10.1,11.4,0.519,0.469,0.105,1.5,12.0,6.8,8.6,0.7,0.3,6.6,18.5,1.3,2.9,4.2,0.091,-0.5,-0.1,-0.6,0.8
fishede01,Derek Fisher,PG,33,LAL,82,27.4,4.1,9.5,0.436,1.4,3.4,0.406,2.8,6.1,0.453,0.508,2.0,2.3,0.406,0.3,1.8,2.1,2.9,1.0,0.0,1.1,2.3,11.7,13.8,0.556,0.355,0.242,1.2,6.9,4.2,15.9,1.9,0.1,9.5,18.6,3.7,2.0,5.7,0.121,-0.3,0.0,-0.4,0.9
fordtj01,T.J. Ford,PG,24,TOR,51,23.5,4.8,10.3,0.469,0.3,1.0,0.294,4.5,9.3,0.488,0.484,2.2,2.5,0.294,0.5,1.5,2.0,6.1,1.1,0.0,2.0,1.8,12.1,20.3,0.533,0.097,0.239,2.3,7.7,4.9,44.4,2.4,0.0,15.0,26.8,2.1,1.1,3.3,0.13,2.8,-0.3,2.5,1.4
fosteje01,Jeff Foster,C,31,IND,77,24.5,2.7,4.8,0.55,0.0,0.0,0.0,2.7,4.8,0.554,0.55,1.1,1.9,0.0,3.4,5.2,8.7,1.7,0.7,0.4,0.8,2.9,6.4,15.7,0.568,0.008,0.389,14.9,23.8,19.3,10.1,1.5,1.3,12.4,11.5,4.0,2.4,6.5,0.165,0.3,0.2,0.5,1.2
foyera01,Randy Foye,PG,24,MIN,39,32.3,5.1,11.8,0.429,1.6,3.8,0.412,3.5,8.1,0.436,0.495,1.4,1.7,0.412,0.3,2.9,3.3,4.2,0.9,0.1,2.0,2.6,13.1,12.7,0.52,0.32,0.141,1.2,10.9,5.9,20.9,1.5,0.2,13.9,20.4,0.7,0.4,1.1,0.042,-0.6,-1.6,-2.2,-0.1
foylead01,Adonal Foyle,C,32,ORL,82,9.4,0.9,1.9,0.458,0.0,0.0,0.0,0.9,1.9,0.458,0.458,0.2,0.4,0.0,0.9,1.7,2.5,0.2,0.2,0.5,0.4,1.1,1.9,9.9,0.464,0.0,0.222,11.0,19.6,15.5,3.4,1.1,4.2,16.0,11.8,0.0,1.3,1.3,0.08,-3.1,1.2,-1.9,0.0
fryech01,Channing Frye,C,24,POR,78,17.2,2.8,5.8,0.488,0.0,0.1,0.3,2.8,5.7,0.492,0.491,1.1,1.4,0.3,1.4,3.2,4.5,0.7,0.4,0.3,0.7,2.7,6.8,14.8,0.529,0.022,0.241,9.4,21.6,15.5,7.4,1.2,1.6,9.9,19.6,1.6,1.6,3.2,0.114,-1.9,0.1,-1.8,0.1
gadzuda01,Dan Gadzuric,C,29,MIL,51,10.5,1.3,3.0,0.416,0.0,0.0,0.0,1.3,3.0,0.418,0.416,0.6,1.2,0.0,1.3,1.5,2.8,0.2,0.4,0.5,0.7,1.6,3.2,10.7,0.443,0.006,0.409,14.2,17.7,15.9,3.2,2.0,3.5,15.8,18.2,-0.4,0.4,0.1,0.006,-4.8,-1.3,-6.1,-0.6
garcifr01,Francisco García,SF,26,SAC,79,26.5,4.4,9.5,0.463,1.4,3.7,0.391,3.0,5.9,0.508,0.538,2.1,2.6,0.391,0.7,2.7,3.3,1.6,1.2,0.6,1.6,2.9,12.3,15.1,0.576,0.384,0.277,3.0,11.7,7.4,10.2,2.3,1.8,13.2,20.7,2.4,1.8,4.2,0.097,0.7,0.1,0.8,1.5
garneke01,Kevin Garnett,PF,31,BOS,71,32.8,7.5,13.9,0.539,0.0,0.2,0.0,7.5,13.8,0.545,0.539,3.8,4.7,0.0,1.9,7.3,9.2,3.4,1.4,1.3,1.9,2.3,18.8,25.3,0.588,0.011,0.339,7.3,25.1,16.8,19.9,2.3,3.1,10.8,25.5,6.6,6.2,12.9,0.265,4.7,3.5,8.2,6.0
garripa01,Pat Garrity,PF,31,ORL,31,9.2,0.9,2.6,0.338,0.3,1.2,0.216,0.6,1.4,0.442,0.388,0.1,0.2,0.216,0.3,1.1,1.4,0.4,0.2,0.0,0.5,1.1,2.1,3.2,0.401,0.463,0.063,3.8,13.6,8.9,6.8,1.1,0.3,17.1,16.0,-0.5,0.3,-0.2,-0.038,-6.5,-0.2,-6.6,-0.3
gasolpa01,Pau Gasol,C,27,TOT,66,35.6,7.2,13.5,0.534,0.1,0.2,0.25,7.1,13.2,0.539,0.536,4.4,5.5,0.25,2.3,6.0,8.4,3.2,0.5,1.5,1.9,2.1,18.9,21.6,0.594,0.018,0.407,7.4,18.7,13.1,15.2,0.6,3.0,10.6,22.1,6.4,2.1,8.4,0.172,3.3,0.1,3.4,3.2
gayru01,Rudy Gay,SF,21,MEM,81,37.0,7.7,16.7,0.461,1.7,4.8,0.346,6.1,12.0,0.507,0.511,3.1,3.9,0.346,1.7,4.4,6.2,2.0,1.4,1.0,2.3,2.8,20.1,17.4,0.546,0.286,0.233,5.2,13.5,9.3,9.3,1.9,1.9,11.3,25.0,2.9,2.1,5.0,0.08,1.5,-0.6,0.8,2.1
gelabmi01,Mickaël Gelabale,SG,24,SEA,39,11.9,1.8,4.0,0.439,0.4,0.9,0.432,1.4,3.1,0.442,0.49,0.4,0.5,0.432,0.4,1.1,1.5,0.8,0.3,0.2,0.7,0.8,4.3,10.5,0.509,0.236,0.115,3.8,9.8,6.8,11.1,1.1,1.4,14.1,17.9,0.0,0.2,0.2,0.021,-2.0,-1.0,-3.1,-0.1
georgde01,Devean George,SF,30,DAL,53,15.5,1.4,3.9,0.357,0.4,1.3,0.324,1.0,2.6,0.374,0.411,0.5,0.6,0.324,0.5,2.1,2.6,0.7,0.4,0.2,0.5,1.7,3.7,7.0,0.437,0.329,0.164,4.1,14.9,9.6,6.3,1.2,1.2,9.8,14.0,-0.3,1.0,0.7,0.039,-3.4,0.6,-2.8,-0.2
gibsoda01,Daniel Gibson,PG,21,CLE,58,30.4,3.5,8.0,0.432,2.0,4.6,0.44,1.4,3.4,0.421,0.559,1.5,1.8,0.44,0.5,1.8,2.3,2.5,0.8,0.2,1.3,2.8,10.4,11.7,0.592,0.576,0.226,1.9,6.9,4.3,13.1,1.4,0.6,12.9,15.1,2.7,1.4,4.1,0.111,-0.4,0.0,-0.4,0.7
ginobma01,Manu Ginóbili,SG,30,SAS,74,31.1,6.1,13.3,0.46,2.1,5.3,0.401,4.0,8.0,0.499,0.54,5.1,6.0,0.401,0.9,3.9,4.8,4.5,1.5,0.4,2.7,2.3,19.5,24.3,0.612,0.395,0.449,3.3,14.7,9.1,26.4,2.6,1.1,14.5,28.7,6.6,4.5,11.1,0.232,5.6,2.7,8.3,6.0
giricgo01,Gordan Giriček,SG,30,TOT,56,14.8,2.4,5.4,0.44,0.6,1.8,0.364,1.7,3.6,0.478,0.5,0.4,0.5,0.364,0.3,1.4,1.7,1.1,0.4,0.1,0.9,1.5,5.8,9.8,0.518,0.328,0.086,2.4,10.8,6.7,11.0,1.5,0.4,14.2,19.7,-0.1,0.6,0.5,0.029,-2.4,-0.8,-3.2,-0.3
gomesry01,Ryan Gomes,PF,25,MIN,82,29.7,4.8,10.5,0.457,0.7,2.2,0.33,4.1,8.3,0.491,0.492,2.3,2.8,0.33,1.6,4.2,5.8,1.8,0.8,0.1,1.2,1.9,12.6,15.7,0.539,0.209,0.267,6.1,16.8,11.3,9.6,1.4,0.3,9.1,19.5,3.6,1.2,4.8,0.096,1.0,-1.1,-0.1,1.1
goodedr01,Drew Gooden,PF,26,TOT,69,30.8,4.8,10.7,0.449,0.0,0.1,0.0,4.8,10.6,0.452,0.449,2.3,3.1,0.0,2.5,6.0,8.6,1.2,0.7,0.8,1.8,2.9,12.0,13.8,0.495,0.008,0.291,9.1,23.0,15.8,6.5,1.2,2.0,12.8,20.3,0.5,2.8,3.3,0.074,-2.1,-0.7,-2.8,-0.4
gordobe01,Ben Gordon,SG,24,CHI,72,31.8,6.4,14.8,0.434,2.0,4.8,0.41,4.5,10.0,0.445,0.5,3.7,4.1,0.41,0.6,2.5,3.1,3.0,0.8,0.1,2.1,2.4,18.6,16.4,0.558,0.324,0.274,1.9,9.2,5.4,16.9,1.2,0.3,11.1,26.0,3.6,1.4,5.1,0.106,2.1,-1.2,0.9,1.7
grahajo01,Joey Graham,SF,25,TOR,38,8.7,1.3,3.0,0.434,0.1,0.1,0.667,1.2,2.9,0.427,0.442,1.0,1.2,0.667,0.5,1.3,1.8,0.4,0.1,0.0,0.6,1.2,3.6,10.3,0.52,0.027,0.398,6.4,17.7,12.0,7.0,0.5,0.0,14.8,22.2,0.0,0.3,0.3,0.04,-4.3,-2.2,-6.5,-0.4
grangda01,Danny Granger,SF,24,IND,80,36.0,6.7,15.1,0.446,2.1,5.3,0.404,4.6,9.8,0.468,0.517,4.0,4.7,0.404,1.2,4.9,6.1,2.1,1.2,1.1,2.1,3.6,19.6,16.7,0.571,0.351,0.314,3.4,15.2,9.2,9.6,1.6,2.2,11.1,23.2,4.1,3.2,7.3,0.122,1.3,0.1,1.4,2.5
grayaa01,Aaron Gray,C,23,CHI,61,10.0,1.7,3.3,0.505,0.0,0.0,0.0,1.7,3.3,0.507,0.505,0.9,1.6,0.0,1.1,1.6,2.8,0.7,0.3,0.3,0.9,1.9,4.3,13.9,0.529,0.005,0.485,12.5,18.7,15.5,11.4,1.8,2.0,18.7,22.0,0.1,0.8,0.8,0.066,-3.6,0.0,-3.5,-0.2
greenje02,Jeff Green,SF,21,SEA,80,28.2,4.0,9.4,0.427,0.3,1.0,0.276,3.7,8.4,0.444,0.441,2.2,3.0,0.276,1.3,3.5,4.7,1.5,0.6,0.6,2.0,2.5,10.5,9.8,0.491,0.101,0.318,4.9,13.4,9.2,8.2,1.0,1.6,15.6,19.4,-1.3,1.5,0.2,0.003,-3.4,-0.6,-4.1,-1.2
greenwi01,Willie Green,SG,26,PHI,74,26.6,5.1,11.8,0.436,0.7,2.4,0.285,4.4,9.3,0.475,0.465,1.5,2.0,0.285,0.4,2.0,2.5,2.0,0.7,0.3,1.5,1.6,12.4,12.8,0.492,0.206,0.17,1.9,9.1,5.5,13.2,1.5,0.9,10.4,23.9,0.4,1.6,2.1,0.05,-0.9,-0.8,-1.6,0.2
griffad01,Adrian Griffin,SG-SF,33,TOT,35,8.8,0.9,2.2,0.395,0.0,0.0,0.0,0.9,2.2,0.395,0.395,0.1,0.3,0.0,0.8,0.9,1.7,0.8,0.5,0.1,0.6,0.8,1.9,8.7,0.406,0.0,0.118,10.0,11.4,10.7,13.4,2.8,0.5,20.8,14.5,-0.3,0.3,0.0,0.001,-4.1,1.1,-3.0,-0.1
hamilri01,Richard Hamilton,SG,29,DET,72,33.7,6.9,14.3,0.484,0.9,2.0,0.44,6.1,12.3,0.492,0.515,2.6,3.1,0.44,1.0,2.2,3.3,4.2,1.0,0.1,1.8,2.4,17.3,18.2,0.552,0.137,0.215,3.7,7.9,5.8,22.3,1.7,0.3,10.5,24.5,4.8,2.9,7.7,0.152,2.3,0.1,2.3,2.6
harprma01,Matt Harpring,SF,31,UTA,76,18.1,3.1,6.2,0.5,0.0,0.1,0.2,3.1,6.1,0.506,0.502,1.9,2.7,0.2,1.3,1.9,3.2,1.1,0.6,0.2,1.3,2.1,8.2,14.1,0.551,0.021,0.432,8.6,12.7,10.7,9.0,1.7,0.8,14.4,21.5,1.4,1.4,2.8,0.096,-1.0,-0.9,-1.9,0.0
harrial01,Al Harrington,C,27,GSW,81,27.0,5.0,11.4,0.434,1.9,5.0,0.375,3.1,6.4,0.482,0.517,1.8,2.3,0.375,1.3,4.1,5.4,1.6,0.9,0.2,1.1,3.3,13.6,15.6,0.547,0.442,0.206,5.0,16.9,10.7,8.9,1.6,0.5,8.2,21.1,3.7,1.7,5.4,0.118,1.0,-0.8,0.2,1.2
harride01,Devin Harris,PG,24,TOT,64,31.6,5.0,10.8,0.463,0.9,2.6,0.335,4.1,8.2,0.504,0.504,3.9,4.7,0.335,0.4,2.3,2.7,5.8,1.4,0.2,2.5,3.0,14.8,17.5,0.573,0.241,0.434,1.6,8.2,5.0,31.1,2.4,0.4,16.3,22.6,3.6,1.9,5.6,0.132,1.2,-0.2,1.0,1.5
harrida01,David Harrison,C,25,IND,55,12.8,1.6,3.1,0.529,0.0,0.0,0.0,1.6,3.1,0.529,0.529,0.9,1.7,0.0,0.8,1.4,2.1,0.3,0.4,1.1,1.1,3.0,4.2,8.6,0.539,0.0,0.565,6.5,11.9,9.1,3.0,1.4,6.3,21.5,16.7,-0.5,0.9,0.4,0.03,-7.3,1.4,-5.9,-0.7
hartja01,Jason Hart,PG,29,UTA,57,10.6,1.0,3.2,0.322,0.2,0.5,0.355,0.8,2.6,0.315,0.353,0.7,0.8,0.355,0.1,0.9,1.0,1.5,0.5,0.1,0.5,1.3,2.9,8.0,0.413,0.172,0.25,1.0,10.0,5.5,19.3,2.5,0.4,12.3,16.8,-0.2,0.7,0.4,0.033,-4.1,0.8,-3.3,-0.2
hasleud01,Udonis Haslem,PF,27,MIA,49,36.8,4.8,10.3,0.467,0.0,0.0,0.0,4.8,10.3,0.467,0.467,2.3,2.9,0.0,2.2,6.9,9.0,1.4,0.8,0.4,1.4,3.0,12.0,12.7,0.517,0.0,0.28,7.0,22.7,14.7,6.5,1.1,0.8,10.5,16.7,1.0,1.5,2.5,0.067,-1.8,-0.9,-2.7,-0.3
hassetr01,Trenton Hassell,SG,28,TOT,63,12.3,0.9,2.1,0.422,0.0,0.1,0.222,0.9,2.0,0.437,0.43,0.1,0.2,0.222,0.3,1.0,1.3,0.7,0.2,0.0,0.3,1.4,2.0,4.2,0.441,0.067,0.074,3.0,9.3,6.2,7.9,0.9,0.3,13.6,9.7,-0.2,0.5,0.2,0.015,-5.0,-0.2,-5.1,-0.6
hawessp01,Spencer Hawes,C,19,SAC,71,13.1,2.1,4.5,0.459,0.1,0.3,0.19,2.0,4.2,0.478,0.465,0.5,0.8,0.19,1.0,2.3,3.2,0.6,0.2,0.6,0.8,1.8,4.7,11.6,0.486,0.066,0.182,8.8,20.1,14.6,7.7,0.8,3.3,14.0,19.2,-0.2,0.8,0.6,0.033,-3.2,-0.9,-4.1,-0.5
hayesch01,Chuck Hayes,PF,24,HOU,79,19.9,1.4,2.8,0.511,0.0,0.0,0.0,1.4,2.8,0.518,0.511,0.1,0.3,0.0,1.7,3.7,5.4,1.2,1.1,0.5,0.8,2.7,3.0,11.2,0.512,0.014,0.109,9.6,20.8,15.3,8.4,2.9,2.0,21.1,8.5,0.8,3.7,4.4,0.136,-3.2,4.1,0.8,1.1
hayesja01,Jarvis Hayes,SF,26,DET,82,15.7,2.6,6.1,0.431,0.9,2.4,0.376,1.8,3.8,0.465,0.503,0.5,0.7,0.376,0.4,1.7,2.2,0.8,0.6,0.1,0.6,1.7,6.7,13.0,0.52,0.385,0.119,3.2,13.3,8.3,8.1,2.0,0.4,8.1,21.1,1.0,1.9,2.9,0.108,-1.0,0.4,-0.6,0.5
haywobr01,Brendan Haywood,C,28,WAS,80,27.9,4.0,7.5,0.528,0.0,0.0,0.0,4.0,7.5,0.528,0.528,2.7,3.7,0.0,3.4,3.8,7.2,0.9,0.4,1.7,1.4,2.7,10.6,18.3,0.582,0.0,0.491,14.0,16.4,15.2,5.2,0.7,5.0,12.9,17.3,4.9,1.9,6.8,0.146,0.6,-0.8,-0.2,1.0
headlu01,Luther Head,SG,25,HOU,73,18.9,2.8,6.5,0.432,1.1,3.1,0.351,1.7,3.5,0.504,0.515,0.9,1.1,0.351,0.2,1.6,1.8,1.9,0.6,0.1,1.0,1.0,7.6,13.6,0.543,0.472,0.17,1.5,9.4,5.5,16.4,1.7,0.5,12.0,19.3,1.5,2.0,3.5,0.121,-0.1,0.9,0.8,1.0
herrmwa01,Walter Herrmann,PF,28,TOT,45,8.3,1.2,3.2,0.389,0.4,1.4,0.313,0.8,1.8,0.45,0.458,0.5,0.6,0.313,0.5,1.1,1.6,0.4,0.2,0.0,0.3,0.5,3.4,13.2,0.494,0.444,0.174,6.9,16.1,11.5,8.0,1.0,0.2,7.2,20.8,0.3,0.4,0.7,0.086,0.7,-1.0,-0.3,0.2
hillgr01,Grant Hill,SF,35,PHO,70,31.7,5.1,10.2,0.503,0.5,1.5,0.317,4.6,8.7,0.535,0.526,2.4,2.8,0.317,1.1,4.0,5.0,2.9,0.9,0.8,1.4,2.2,13.1,15.7,0.576,0.146,0.275,4.1,13.1,9.0,13.1,1.5,1.6,10.7,18.0,3.8,2.1,5.9,0.127,0.9,0.5,1.4,1.9
hinriki01,Kirk Hinrich,PG,27,CHI,75,31.7,4.4,10.6,0.414,1.1,3.2,0.35,3.3,7.4,0.442,0.467,1.6,1.9,0.35,0.4,2.9,3.3,6.0,1.2,0.3,2.1,3.0,11.5,13.1,0.501,0.301,0.178,1.3,10.6,5.8,30.9,1.9,0.6,15.4,18.9,1.5,2.1,3.6,0.072,-0.9,0.2,-0.8,0.7
holliry01,Ryan Hollins,PF,23,CHA,60,8.9,0.8,1.6,0.489,0.0,0.0,0.0,0.8,1.6,0.489,0.489,0.9,1.4,0.0,0.9,0.9,1.8,0.2,0.2,0.5,0.4,1.6,2.5,11.4,0.565,0.0,0.872,11.4,11.7,11.6,4.0,1.0,4.3,16.1,13.3,0.6,0.4,1.1,0.096,-3.9,0.1,-3.8,-0.2
horfoal01,Al Horford,C,21,ATL,81,31.4,4.1,8.2,0.499,0.0,0.1,0.0,4.1,8.2,0.502,0.499,1.9,2.6,0.0,3.1,6.6,9.7,1.5,0.7,0.9,1.7,3.3,10.1,14.7,0.539,0.007,0.317,11.4,24.5,18.0,7.9,1.2,2.2,15.3,16.0,2.4,3.0,5.5,0.103,-1.2,-0.3,-1.6,0.3
horryro01,Robert Horry,PF,37,SAS,45,13.0,0.8,2.6,0.319,0.4,1.6,0.257,0.4,1.1,0.408,0.395,0.4,0.6,0.257,0.8,1.6,2.4,1.0,0.5,0.4,0.5,1.2,2.5,9.6,0.426,0.588,0.235,7.2,14.8,11.0,11.9,1.9,2.5,14.3,12.6,-0.1,1.1,1.1,0.088,-2.2,2.7,0.4,0.4
houseed01,Eddie House,PG,29,BOS,78,19.0,2.8,6.8,0.409,1.5,3.8,0.393,1.3,3.0,0.429,0.519,0.4,0.5,0.393,0.2,1.9,2.1,1.9,0.8,0.1,1.0,1.5,7.5,13.0,0.534,0.561,0.068,1.6,11.2,6.7,16.9,2.1,0.6,12.2,19.6,1.1,2.8,3.9,0.127,0.4,1.4,1.8,1.4
howardw01,Dwight Howard,C,22,ORL,82,37.7,7.1,11.9,0.599,0.0,0.0,0.0,7.1,11.8,0.601,0.599,6.5,10.9,0.0,3.4,10.8,14.2,1.3,0.9,2.1,3.2,3.3,20.7,22.9,0.619,0.004,0.921,10.9,31.6,21.7,6.1,1.2,4.2,16.1,24.2,6.4,6.4,12.9,0.2,1.6,1.2,2.8,3.7
howarjo01,Josh Howard,SF,27,DAL,76,36.3,7.5,16.4,0.455,0.9,2.8,0.319,6.6,13.6,0.482,0.482,4.1,5.1,0.319,1.6,5.4,7.0,2.2,0.8,0.4,1.5,2.7,19.9,18.3,0.534,0.168,0.308,5.2,16.7,11.2,10.6,1.1,0.9,7.5,25.9,4.8,3.2,8.0,0.14,1.8,-0.6,1.2,2.2
howarju01,Juwan Howard,PF,34,DAL,50,7.1,0.5,1.3,0.359,0.0,0.0,0.0,0.5,1.3,0.359,0.359,0.2,0.3,0.0,0.4,1.2,1.6,0.3,0.1,0.0,0.3,1.2,1.1,4.1,0.406,0.0,0.219,7.1,19.0,13.3,6.9,0.8,0.4,19.5,11.5,-0.3,0.4,0.1,0.016,-6.2,0.0,-6.2,-0.4
hughela01,Larry Hughes,PG-SG,29,TOT,68,29.7,4.5,11.8,0.381,1.0,2.9,0.345,3.5,8.9,0.392,0.423,2.2,2.8,0.345,0.6,2.8,3.4,2.7,1.5,0.3,1.7,2.0,12.2,11.9,0.468,0.242,0.235,2.1,11.1,6.5,15.1,2.6,0.7,11.6,22.2,-0.5,2.3,1.8,0.042,-2.3,0.0,-2.3,-0.1
humphkr01,Kris Humphries,PF,22,TOR,70,13.2,2.3,4.8,0.483,0.0,0.0,0.0,2.3,4.7,0.486,0.483,1.1,1.8,0.0,1.3,2.4,3.7,0.4,0.4,0.4,0.7,1.5,5.7,15.7,0.512,0.006,0.372,11.4,21.8,16.6,4.9,1.4,2.5,10.8,22.1,0.6,1.3,1.8,0.096,-1.6,-0.7,-2.3,-0.1
iguodan01,Andre Iguodala,SF,24,PHI,82,39.5,7.1,15.6,0.456,1.2,3.7,0.329,5.9,11.8,0.496,0.495,4.5,6.2,0.329,1.0,4.4,5.4,4.8,2.1,0.6,2.6,2.3,19.9,19.0,0.543,0.24,0.396,3.1,13.4,8.2,20.3,2.8,1.2,12.5,23.8,5.3,4.4,9.6,0.143,2.5,1.5,4.0,4.9
ilgauzy01,Zydrunas Ilgauskas,C,32,CLE,73,30.4,5.7,12.0,0.474,0.0,0.0,0.0,5.7,12.0,0.475,0.474,2.7,3.3,0.0,3.6,5.7,9.3,1.4,0.5,1.6,1.8,3.4,14.1,18.7,0.522,0.001,0.276,13.1,22.2,17.5,8.5,0.8,4.3,12.0,22.9,2.9,3.2,6.1,0.131,-0.1,-0.3,-0.4,0.9
mbengdj01,D.J. Mbenga,C,27,TOT,42,7.8,0.9,2.0,0.464,0.0,0.0,0.0,0.9,2.0,0.464,0.464,0.1,0.3,0.0,0.7,1.0,1.7,0.2,0.2,0.6,0.3,1.7,2.0,9.4,0.465,0.0,0.143,9.4,14.7,12.1,4.3,1.1,5.8,11.8,13.5,0.0,0.4,0.4,0.066,-5.7,0.4,-5.3,-0.3
iversal01,Allen Iverson,SG,32,DEN,82,41.8,8.7,19.0,0.458,1.2,3.4,0.345,7.5,15.6,0.482,0.488,7.9,9.7,0.345,0.6,2.4,3.0,7.1,2.0,0.1,3.0,1.3,26.4,20.9,0.567,0.177,0.512,1.5,6.1,3.8,27.4,2.2,0.2,11.4,26.7,8.9,2.8,11.6,0.163,3.4,-0.7,2.7,4.0
iveyro01,Royal Ivey,PG,26,MIL,75,19.2,2.0,5.0,0.394,0.5,1.4,0.327,1.5,3.6,0.421,0.44,1.1,1.6,0.327,0.5,1.1,1.6,2.1,0.6,0.1,1.0,2.2,5.6,8.8,0.487,0.283,0.31,3.0,6.8,4.8,16.9,1.6,0.4,14.9,15.8,0.4,0.2,0.5,0.018,-3.3,-1.1,-4.4,-0.9
jackja01,Jarrett Jack,SG,24,POR,82,27.2,3.3,7.6,0.431,0.8,2.3,0.342,2.5,5.2,0.47,0.483,2.6,3.0,0.342,0.4,2.5,2.9,3.8,0.7,0.0,2.2,1.6,9.9,13.0,0.558,0.306,0.4,1.6,10.7,6.2,22.7,1.5,0.0,19.6,19.3,1.6,1.5,3.2,0.069,-0.8,-0.4,-1.2,0.5
jacksbo01,Bobby Jackson,SG-PG,34,TOT,72,19.3,2.8,7.0,0.403,1.1,3.1,0.358,1.7,3.9,0.439,0.483,0.9,1.1,0.358,0.5,2.1,2.5,1.9,0.6,0.1,0.8,1.3,7.7,13.5,0.51,0.447,0.16,2.7,12.4,7.5,15.9,1.7,0.3,9.8,20.0,1.3,1.7,3.0,0.105,0.0,0.6,0.6,0.9
jacksst02,Stephen Jackson,SF,29,GSW,73,39.1,6.7,16.5,0.405,2.5,6.9,0.363,4.2,9.6,0.435,0.481,4.2,5.1,0.363,0.9,3.4,4.4,4.1,1.3,0.4,2.7,2.3,20.1,14.9,0.536,0.416,0.307,2.4,9.8,6.0,15.2,1.6,0.7,12.6,23.1,3.2,1.4,4.6,0.077,1.1,-1.2,-0.2,1.3
jacobca01,Casey Jacobsen,SG,26,MEM,53,10.3,0.7,2.2,0.339,0.3,1.4,0.222,0.4,0.8,0.535,0.409,0.2,0.3,0.222,0.2,1.0,1.2,0.4,0.1,0.0,0.3,0.6,2.0,4.5,0.437,0.626,0.148,2.4,11.0,6.7,5.2,0.5,0.1,11.6,11.3,-0.3,0.0,-0.3,-0.023,-4.0,-1.6,-5.6,-0.5
jamesle01,LeBron James,SF,23,CLE,75,40.4,10.6,21.9,0.484,1.5,4.8,0.315,9.1,17.1,0.531,0.518,7.3,10.3,0.315,1.8,6.1,7.9,7.2,1.8,1.1,3.4,2.2,30.0,29.1,0.568,0.219,0.47,4.9,17.8,11.1,37.3,2.4,2.1,11.4,33.5,10.7,4.6,15.2,0.242,8.2,2.6,10.9,9.8
jamesmi01,Mike James,PG,32,TOT,54,13.3,1.9,5.4,0.348,0.6,1.8,0.32,1.3,3.6,0.363,0.402,0.7,0.9,0.32,0.3,1.0,1.3,1.1,0.4,0.0,0.7,1.0,5.0,8.6,0.437,0.334,0.166,2.2,8.7,5.5,13.4,1.6,0.2,10.4,22.1,-0.5,0.9,0.3,0.023,-3.4,-0.4,-3.8,-0.3
jamisan01,Antawn Jamison,PF,31,WAS,79,38.7,7.8,17.9,0.436,1.5,4.5,0.339,6.3,13.5,0.468,0.478,4.2,5.5,0.339,2.7,7.5,10.2,1.5,1.3,0.4,1.4,2.5,21.4,20.3,0.525,0.25,0.309,8.0,23.3,15.4,7.2,1.9,0.9,6.6,25.9,6.0,3.2,9.2,0.144,3.1,-1.3,1.7,2.9
jaricma01,Marko Jarić,SG,29,MIN,75,29.2,3.0,7.0,0.43,0.6,1.7,0.362,2.4,5.3,0.451,0.473,1.6,2.2,0.362,0.5,2.5,3.0,4.1,1.3,0.4,1.7,2.4,8.3,12.1,0.518,0.241,0.309,2.0,10.1,5.9,21.0,2.3,1.2,17.6,15.0,1.1,1.3,2.4,0.053,-1.5,0.6,-0.9,0.6
jeffeal01,Al Jefferson,C,23,MIN,82,35.6,8.8,17.6,0.5,0.0,0.1,0.0,8.8,17.5,0.502,0.5,3.5,4.8,0.0,3.8,7.4,11.1,1.4,0.9,1.5,2.0,2.7,21.0,22.7,0.535,0.003,0.273,11.9,24.7,18.1,7.5,1.3,3.2,9.4,27.5,4.8,2.9,7.7,0.127,2.8,-1.2,1.6,2.6
jefferi01,Richard Jefferson,SF,27,NJN,82,39.0,7.5,16.2,0.466,0.9,2.6,0.362,6.6,13.6,0.486,0.495,6.6,8.3,0.362,1.1,3.0,4.2,3.1,0.9,0.3,2.4,2.7,22.6,17.4,0.571,0.16,0.511,3.4,9.0,6.2,15.0,1.2,0.5,10.9,26.1,6.1,1.5,7.6,0.114,1.6,-1.3,0.3,1.8
jeffrja01,Jared Jeffries,SF,26,NYK,73,18.2,1.5,3.7,0.4,0.1,0.3,0.16,1.4,3.4,0.424,0.407,0.7,1.3,0.16,1.6,1.7,3.3,0.9,0.5,0.3,0.9,1.8,3.7,7.9,0.433,0.093,0.344,9.8,11.1,10.4,7.5,1.4,1.3,17.1,12.7,-0.5,0.6,0.1,0.002,-3.4,-0.7,-4.1,-0.7
jianlyi01,Yi Jianlian,PF,20,MIL,66,25.0,3.3,7.9,0.421,0.1,0.3,0.286,3.2,7.6,0.427,0.427,1.8,2.2,0.286,1.6,3.6,5.2,0.8,0.5,0.8,1.4,2.3,8.6,11.3,0.485,0.04,0.279,7.3,17.7,12.3,5.3,1.1,2.7,13.4,18.4,-0.1,0.9,0.7,0.022,-2.9,-1.1,-3.9,-0.8
johnsal01,Alexander Johnson,PF,24,MIA,43,12.8,1.4,2.9,0.488,0.0,0.0,0.0,1.4,2.9,0.488,0.488,1.3,1.9,0.0,0.7,1.4,2.2,0.3,0.3,0.2,1.0,1.9,4.2,8.9,0.554,0.0,0.664,6.9,13.7,10.3,4.0,1.3,1.5,20.6,17.6,-0.1,0.4,0.2,0.019,-5.2,-1.0,-6.2,-0.6
johnsam01,Amir Johnson,PF,20,DET,62,12.3,1.5,2.7,0.558,0.0,0.0,0.0,1.5,2.7,0.558,0.558,0.6,0.9,0.0,1.4,2.4,3.8,0.5,0.4,1.3,0.6,2.3,3.6,17.5,0.584,0.0,0.333,13.5,23.2,18.4,5.9,1.7,8.5,17.1,14.1,1.1,1.9,3.0,0.19,-2.4,3.7,1.3,0.6
johnsan02,Anthony Johnson,PG,33,TOT,69,22.2,2.2,5.1,0.437,0.6,1.3,0.452,1.6,3.8,0.431,0.496,0.5,0.6,0.452,0.3,1.7,2.0,3.8,0.8,0.1,1.2,1.7,5.6,11.2,0.517,0.262,0.121,1.7,8.7,5.2,26.3,1.8,0.4,18.3,13.5,1.1,0.9,2.0,0.061,-1.5,-0.2,-1.6,0.1
johnsjo02,Joe Johnson,SG,26,ATL,82,40.8,7.9,18.3,0.432,2.1,5.4,0.381,5.8,12.8,0.454,0.489,3.9,4.6,0.381,1.0,3.5,4.5,5.8,1.0,0.2,2.7,2.0,21.7,17.3,0.535,0.297,0.253,2.9,9.9,6.4,25.5,1.3,0.4,11.8,25.6,5.3,1.7,7.0,0.1,2.7,-1.5,1.2,2.7
jonesbo02,Bobby Jones,SF,24,TOT,47,11.3,1.3,3.0,0.429,0.4,1.1,0.34,0.9,1.9,0.483,0.493,0.9,1.1,0.34,0.6,1.3,2.0,0.6,0.3,0.1,0.6,1.8,3.8,9.9,0.548,0.379,0.364,6.2,13.3,9.8,7.9,1.4,0.4,14.7,15.9,0.4,0.4,0.8,0.07,-3.3,-0.4,-3.7,-0.2
jonesda01,Damon Jones,SG,31,CLE,67,19.9,2.3,5.4,0.416,1.7,4.1,0.417,0.5,1.3,0.414,0.574,0.3,0.4,0.417,0.1,1.0,1.1,1.9,0.3,0.0,0.5,1.0,6.5,11.3,0.582,0.76,0.077,0.4,5.9,3.1,15.1,0.8,0.1,8.8,14.0,2.4,0.7,3.0,0.108,0.6,-1.1,-0.4,0.5
jonesdw02,Dwayne Jones,PF,24,CLE,56,8.4,0.4,0.8,0.532,0.0,0.0,0.0,0.4,0.8,0.543,0.532,0.5,1.0,0.0,1.2,1.3,2.5,0.2,0.2,0.4,0.3,1.6,1.4,11.1,0.538,0.021,1.234,16.2,17.7,16.9,3.1,1.1,4.2,19.0,8.6,0.5,0.7,1.2,0.121,-3.7,0.1,-3.6,-0.2
jonesed02,Eddie Jones,SG,36,DAL,47,19.6,1.4,3.8,0.367,0.7,2.5,0.293,0.7,1.4,0.5,0.461,0.2,0.3,0.293,0.4,2.4,2.8,1.5,0.6,0.2,0.6,1.5,3.7,7.6,0.473,0.644,0.078,2.3,13.8,8.3,10.8,1.5,0.6,13.5,10.9,0.1,1.0,1.1,0.058,-2.3,1.3,-1.0,0.2
jonesfr01,Fred Jones,SG,28,NYK,70,25.1,2.6,6.2,0.421,1.1,2.7,0.385,1.5,3.4,0.45,0.507,1.3,1.8,0.385,0.4,2.0,2.4,2.4,0.7,0.3,1.1,2.0,7.6,10.9,0.546,0.444,0.292,1.9,9.4,5.5,14.7,1.4,0.8,13.8,14.4,1.7,0.6,2.2,0.061,-1.2,-0.2,-1.3,0.3
jonesja02,James Jones,SF,27,POR,58,22.0,2.5,5.6,0.437,1.6,3.5,0.444,0.9,2.1,0.426,0.576,1.5,1.7,0.444,0.7,2.0,2.8,0.6,0.4,0.3,0.5,1.7,8.0,13.6,0.625,0.627,0.3,4.0,10.8,7.4,4.3,1.0,0.9,7.0,14.8,2.9,0.8,3.7,0.139,1.4,-0.2,1.3,1.1
jonesso01,Solomon Jones,PF,23,ATL,35,4.1,0.3,0.9,0.4,0.0,0.1,0.0,0.3,0.8,0.429,0.4,0.3,0.6,0.0,0.5,0.7,1.2,0.0,0.1,0.1,0.3,0.8,1.0,6.8,0.451,0.067,0.667,15.3,18.4,16.9,0.0,1.1,2.6,22.1,15.6,-0.1,0.1,0.0,0.0,-6.7,-2.0,-8.8,-0.2
kamanch01,Chris Kaman,C,25,LAC,56,37.2,6.0,12.5,0.483,0.0,0.1,0.0,6.0,12.4,0.486,0.483,3.6,4.7,0.0,3.1,9.6,12.7,1.9,0.6,2.8,2.9,3.2,15.7,17.5,0.538,0.006,0.379,9.5,30.0,19.7,9.3,0.8,5.6,16.7,21.7,0.4,3.2,3.6,0.083,-0.9,1.2,0.3,1.2
kaponja01,Jason Kapono,SF,26,TOR,81,18.9,3.0,6.1,0.488,0.7,1.5,0.483,2.3,4.7,0.489,0.545,0.5,0.5,0.483,0.4,1.1,1.5,0.8,0.4,0.0,0.7,1.6,7.2,10.8,0.561,0.237,0.086,2.4,6.9,4.6,6.7,1.2,0.1,10.1,17.7,1.0,0.9,1.9,0.06,-1.9,-0.7,-2.7,-0.3
kiddja01,Jason Kidd,PG,34,TOT,80,36.3,3.8,9.9,0.385,1.5,3.9,0.381,2.3,6.0,0.387,0.46,1.7,2.1,0.381,1.2,6.3,7.5,10.1,1.7,0.3,3.3,2.1,10.8,16.7,0.499,0.393,0.208,3.8,20.0,12.0,44.0,2.5,0.7,23.5,17.9,2.0,3.8,5.9,0.097,1.6,1.3,3.0,3.6
kirilan01,Andrei Kirilenko,SF,26,UTA,72,30.8,3.8,7.6,0.506,0.6,1.6,0.379,3.2,5.9,0.54,0.546,2.8,3.6,0.379,1.7,3.0,4.7,4.0,1.2,1.5,1.9,2.3,11.0,17.2,0.603,0.213,0.472,6.7,11.9,9.3,18.2,2.0,4.0,17.6,16.1,4.3,2.8,7.1,0.154,3.1,2.0,5.2,4.0
kleizli01,Linas Kleiza,SF,23,DEN,79,23.9,3.9,8.3,0.472,1.2,3.5,0.339,2.7,4.8,0.568,0.543,2.1,2.7,0.339,1.2,3.1,4.2,1.2,0.6,0.2,1.1,2.3,11.1,14.4,0.585,0.42,0.323,5.4,13.5,9.5,7.5,1.1,0.7,10.6,18.9,3.1,1.6,4.7,0.119,0.2,-1.1,-0.9,0.5
knighbr01,Brevin Knight,PG,32,LAC,74,22.6,1.9,4.6,0.404,0.0,0.1,0.0,1.9,4.5,0.411,0.404,0.8,1.0,0.0,0.2,1.7,1.9,4.4,1.4,0.1,1.0,2.2,4.6,11.4,0.453,0.018,0.208,1.0,8.8,4.9,31.1,3.1,0.5,16.0,12.2,0.5,1.6,2.1,0.06,-3.3,1.6,-1.7,0.1
korveky01,Kyle Korver,SG-PF,26,TOT,75,23.1,3.4,7.7,0.443,1.5,3.9,0.375,1.9,3.7,0.516,0.54,1.6,1.7,0.375,0.3,2.0,2.3,1.3,0.6,0.4,1.0,2.6,9.9,12.8,0.585,0.515,0.226,1.5,10.5,6.0,8.8,1.3,1.4,10.6,18.3,2.7,1.5,4.2,0.116,0.4,-0.1,0.3,1.0
krstine01,Nenad Krstić,C,24,NJN,45,18.0,2.7,6.7,0.41,0.0,0.0,0.0,2.7,6.6,0.413,0.41,1.2,1.5,0.0,0.8,3.7,4.4,0.6,0.2,0.4,0.9,2.5,6.6,8.5,0.451,0.007,0.23,5.0,23.6,14.3,5.8,0.6,1.6,11.0,20.9,-0.9,0.7,-0.1,-0.007,-5.4,-1.3,-6.7,-1.0
lafrera01,Raef LaFrentz,C,31,POR,39,7.5,0.7,1.6,0.443,0.0,0.1,0.0,0.7,1.5,0.474,0.443,0.3,0.5,0.0,0.7,1.0,1.7,0.2,0.3,0.4,0.3,1.5,1.7,10.4,0.469,0.066,0.311,11.4,15.7,13.6,3.2,2.3,4.5,12.6,12.9,0.1,0.4,0.5,0.085,-4.8,2.1,-2.7,-0.1
landrca01,Carl Landry,PF,24,HOU,42,16.9,3.2,5.2,0.616,0.0,0.0,0.0,3.2,5.2,0.619,0.616,1.7,2.6,0.0,2.3,2.6,4.9,0.5,0.4,0.2,0.6,2.3,8.1,21.4,0.641,0.005,0.498,15.5,17.3,16.4,5.2,1.3,0.7,8.9,18.8,2.5,1.2,3.7,0.251,1.6,-0.1,1.5,0.6
lawac01,Acie Law,PG,23,ATL,56,15.4,1.7,4.2,0.401,0.1,0.6,0.206,1.6,3.6,0.433,0.416,0.7,0.9,0.206,0.2,0.8,1.0,2.0,0.5,0.0,1.0,1.3,4.2,7.7,0.455,0.143,0.203,1.6,6.0,3.8,20.4,1.8,0.0,17.8,16.5,-0.5,0.4,-0.1,-0.007,-4.2,-1.0,-5.2,-0.7
leeda02,David Lee,PF,24,NYK,81,29.1,4.2,7.6,0.552,0.0,0.0,0.0,4.2,7.6,0.554,0.552,2.4,2.9,0.0,3.0,6.0,8.9,1.2,0.7,0.4,1.2,2.6,10.8,18.0,0.606,0.003,0.383,11.3,24.1,17.5,6.7,1.2,1.0,11.8,15.6,5.6,1.8,7.4,0.151,1.1,-0.7,0.4,1.4
lewisra02,Rashard Lewis,PF,28,ORL,81,38.0,6.4,14.0,0.455,2.8,6.8,0.409,3.6,7.2,0.498,0.554,2.7,3.2,0.409,1.2,4.2,5.4,2.4,1.2,0.5,1.7,2.6,18.2,16.7,0.591,0.487,0.229,3.8,12.2,8.2,10.5,1.7,0.9,10.1,20.7,6.1,3.7,9.8,0.153,2.7,0.4,3.1,4.0
lowryky01,Kyle Lowry,PG,21,MEM,82,25.5,3.1,7.2,0.432,0.4,1.7,0.257,2.7,5.5,0.487,0.463,3.0,4.2,0.257,0.5,2.5,3.0,3.6,1.1,0.3,1.5,2.3,9.6,14.3,0.531,0.236,0.588,2.2,11.3,6.7,21.8,2.2,0.8,14.6,18.6,2.1,1.3,3.4,0.078,-1.2,0.3,-0.9,0.6
luety01,Tyronn Lue,PG,30,TOT,50,14.7,2.3,5.1,0.447,0.8,1.7,0.453,1.5,3.3,0.443,0.524,0.5,0.6,0.453,0.2,0.9,1.1,1.5,0.2,0.0,0.5,1.3,5.8,11.9,0.543,0.34,0.126,1.4,7.0,4.3,16.8,0.8,0.1,9.2,18.2,1.0,0.3,1.2,0.08,-0.2,-1.2,-1.4,0.1
maggeco01,Corey Maggette,SF,28,LAC,70,35.7,6.5,14.3,0.458,1.1,2.9,0.384,5.4,11.4,0.477,0.497,7.9,9.7,0.384,1.1,4.5,5.6,2.7,1.0,0.1,2.8,3.0,22.1,19.3,0.595,0.203,0.681,3.6,14.7,9.1,14.3,1.5,0.2,13.0,27.6,5.1,1.8,6.9,0.133,2.6,-0.7,1.9,2.4
magloja01,Jamaal Magloire,C,29,TOT,31,9.2,0.6,1.8,0.327,0.0,0.0,0.0,0.6,1.8,0.327,0.327,0.6,1.4,0.0,0.6,2.3,2.9,0.2,0.0,0.3,1.0,1.6,1.8,1.4,0.377,0.0,0.8,7.7,28.3,18.0,3.7,0.2,2.7,28.7,16.8,-1.0,0.3,-0.6,-0.109,-9.9,-0.9,-10.8,-0.6
mariosh01,Shawn Marion,PF,29,TOT,63,36.7,6.3,12.5,0.508,1.0,3.1,0.333,5.3,9.3,0.567,0.55,1.7,2.4,0.333,2.2,8.0,10.2,2.2,2.0,1.3,1.4,2.4,15.4,19.2,0.57,0.252,0.191,7.1,23.9,16.0,9.4,2.7,2.5,9.2,18.5,3.5,3.9,7.4,0.153,1.7,1.6,3.3,3.1
martike01,Kenyon Martin,PF,30,DEN,71,30.4,5.3,9.8,0.538,0.0,0.2,0.182,5.3,9.7,0.544,0.539,1.7,3.0,0.182,1.5,5.0,6.5,1.3,1.2,1.2,1.3,3.3,12.4,14.7,0.553,0.016,0.303,5.4,17.5,11.6,6.3,2.0,2.8,10.3,17.4,2.0,3.0,5.0,0.111,-1.6,0.8,-0.8,0.6
martike02,Kevin Martin,SG,24,SAC,61,36.3,6.8,15.0,0.456,1.8,4.4,0.402,5.1,10.6,0.478,0.515,8.2,9.5,0.402,0.8,3.7,4.5,2.1,1.0,0.1,2.1,2.5,23.7,21.0,0.618,0.291,0.632,2.6,11.8,7.3,10.1,1.4,0.2,10.1,26.2,7.4,1.1,8.4,0.183,3.8,-1.4,2.4,2.4
masonde01,Desmond Mason,SF,30,MIL,59,28.8,3.9,8.1,0.482,0.0,0.0,0.0,3.9,8.1,0.482,0.482,1.9,2.9,0.0,1.3,3.1,4.3,2.1,0.7,0.5,1.4,1.8,9.7,12.3,0.519,0.0,0.363,5.0,13.1,8.8,11.3,1.2,1.4,13.0,16.8,1.0,0.5,1.5,0.041,-1.2,-0.9,-2.1,0.0
masonro01,Roger Mason,PG,27,WAS,80,21.4,3.3,7.5,0.443,1.6,4.1,0.398,1.7,3.4,0.498,0.552,0.8,0.9,0.398,0.2,1.4,1.6,1.7,0.5,0.2,0.9,1.8,9.1,13.8,0.573,0.545,0.118,1.1,8.0,4.5,13.2,1.3,0.9,9.9,18.9,2.8,0.6,3.4,0.096,1.2,-1.2,0.0,0.9
maxieja01,Jason Maxiell,C,24,DET,82,21.6,2.9,5.4,0.538,0.0,0.0,0.0,2.9,5.4,0.539,0.538,2.1,3.3,0.0,2.2,3.1,5.3,0.6,0.3,1.1,0.9,2.2,7.9,16.7,0.576,0.002,0.605,11.9,17.4,14.6,4.2,0.7,4.2,11.2,17.0,3.4,2.9,6.3,0.171,-0.3,0.2,-0.1,0.8
mccanra01,Rashad McCants,SG,23,MIN,75,26.9,5.7,12.6,0.453,1.9,4.7,0.407,3.8,7.9,0.481,0.529,1.5,2.1,0.407,0.7,2.1,2.7,2.2,0.9,0.2,2.3,3.1,14.9,14.6,0.55,0.37,0.164,2.8,9.2,5.9,14.1,1.7,0.7,14.5,26.4,0.9,0.8,1.7,0.04,0.7,-1.5,-0.8,0.6
mcdyean01,Antonio McDyess,PF,33,DET,78,29.3,3.8,7.7,0.488,0.0,0.0,0.0,3.8,7.7,0.49,0.488,1.2,2.0,0.0,2.6,5.9,8.5,1.1,0.8,0.7,1.0,3.2,8.8,14.1,0.511,0.003,0.26,10.6,24.3,17.4,6.2,1.5,1.8,10.1,15.3,2.4,4.3,6.7,0.141,-1.1,0.7,-0.5,0.9
mcgratr01,Tracy McGrady,SG,28,HOU,66,37.0,8.3,19.8,0.419,1.3,4.5,0.292,7.0,15.3,0.457,0.452,3.7,5.4,0.292,0.6,4.5,5.1,5.9,1.0,0.5,2.4,1.4,21.6,18.4,0.487,0.226,0.274,2.0,13.5,7.8,29.6,1.5,0.9,9.8,30.4,2.0,3.8,5.8,0.115,2.4,0.5,2.9,3.1
mcguido01,Dominic McGuire,SG,22,WAS,70,9.9,0.6,1.5,0.379,0.0,0.1,0.167,0.5,1.4,0.392,0.383,0.2,0.5,0.167,0.8,1.2,2.0,0.6,0.3,0.4,0.6,1.1,1.3,6.6,0.397,0.058,0.311,8.7,14.9,11.7,8.3,1.5,3.1,25.5,10.4,-0.6,0.6,0.0,-0.003,-4.4,0.1,-4.3,-0.4
mcinnje01,Jeff McInnis,PG,33,CHA,54,26.1,2.0,4.6,0.434,0.1,0.4,0.158,1.9,4.3,0.457,0.44,0.4,0.6,0.158,0.3,1.5,1.8,4.1,0.4,0.1,1.4,2.2,4.5,6.5,0.461,0.076,0.12,1.3,6.6,3.9,23.4,0.9,0.2,22.5,11.0,-0.2,0.3,0.1,0.002,-4.3,-1.1,-5.4,-1.2
milescj01,C.J. Miles,SG,20,UTA,60,11.5,1.9,3.9,0.479,0.5,1.3,0.39,1.4,2.7,0.522,0.542,0.7,0.9,0.39,0.3,1.0,1.3,0.9,0.5,0.1,0.5,1.6,5.0,14.2,0.574,0.326,0.22,2.9,10.9,6.9,11.5,2.4,0.9,9.4,18.6,1.1,0.8,1.9,0.134,-0.1,0.7,0.6,0.5
milicda01,Darko Miličić,C,22,MEM,70,23.8,3.1,7.1,0.438,0.0,0.0,0.0,3.1,7.1,0.439,0.438,1.0,1.7,0.0,1.8,4.2,6.1,0.8,0.5,1.6,1.4,2.6,7.2,11.0,0.456,0.002,0.242,8.5,20.2,14.3,5.4,1.0,5.0,15.4,17.5,-1.4,1.6,0.2,0.006,-4.0,0.2,-3.8,-0.8
millean02,Andre Miller,PG,31,PHI,82,36.8,6.9,14.1,0.492,0.0,0.4,0.088,6.9,13.7,0.504,0.494,3.1,4.1,0.088,1.2,2.8,4.0,6.9,1.3,0.1,2.5,2.2,17.0,18.4,0.537,0.029,0.288,3.7,9.1,6.4,32.0,1.8,0.2,13.7,22.6,5.7,2.6,8.3,0.131,2.1,-0.3,1.8,2.9
millebr01,Brad Miller,C,31,SAC,72,34.9,4.7,10.1,0.463,0.4,1.3,0.311,4.3,8.9,0.484,0.482,3.6,4.3,0.311,2.3,7.1,9.5,3.7,1.0,1.0,2.3,3.4,13.4,16.8,0.558,0.124,0.424,8.0,23.7,16.0,16.6,1.4,2.3,16.0,18.3,3.8,2.7,6.5,0.125,0.9,0.8,1.7,2.3
millemi01,Mike Miller,SG,27,MEM,70,35.3,5.9,11.8,0.502,2.2,5.1,0.432,3.7,6.6,0.557,0.596,2.3,3.0,0.432,0.7,5.9,6.7,3.4,0.5,0.2,2.6,2.1,16.4,16.1,0.625,0.436,0.257,2.3,19.0,10.6,16.0,0.7,0.5,16.6,19.8,3.9,1.1,5.0,0.098,2.2,-1.1,1.1,2.0
millspa01,Paul Millsap,PF,22,UTA,82,20.8,3.1,6.1,0.504,0.0,0.0,0.0,3.1,6.1,0.508,0.504,1.9,2.8,0.0,2.0,3.6,5.6,1.0,0.9,0.9,1.1,3.3,8.1,16.1,0.548,0.008,0.456,12.1,20.8,16.5,7.0,2.2,3.5,12.6,18.1,2.5,2.7,5.2,0.148,-0.9,0.8,-0.2,0.8
mingya01,Yao Ming,C,27,HOU,55,37.2,7.9,15.5,0.507,0.0,0.0,0.0,7.9,15.5,0.508,0.507,6.3,7.4,0.0,3.1,7.7,10.8,2.3,0.5,2.0,3.3,3.1,22.0,22.5,0.587,0.002,0.477,9.6,22.9,16.4,11.5,0.6,4.0,15.1,27.1,4.2,4.1,8.3,0.196,1.8,1.6,3.4,2.8
moblecu01,Cuttino Mobley,SG,32,LAC,77,35.1,4.9,11.3,0.433,0.9,2.5,0.349,4.0,8.8,0.457,0.472,2.1,2.6,0.349,0.6,2.9,3.6,2.6,1.0,0.4,1.6,2.0,12.8,11.5,0.514,0.221,0.229,2.1,9.7,5.9,13.1,1.5,0.9,11.4,18.5,0.4,1.7,2.1,0.037,-1.7,-0.6,-2.3,-0.2
mohamna01,Nazr Mohammed,C,30,TOT,82,20.1,3.3,6.4,0.515,0.0,0.0,0.0,3.3,6.4,0.516,0.515,1.2,2.0,0.0,2.4,3.7,6.0,0.9,0.5,0.7,1.2,2.8,7.8,15.8,0.533,0.002,0.309,13.5,21.1,17.3,7.6,1.4,2.8,14.4,19.5,1.3,2.0,3.4,0.098,-1.8,-0.5,-2.3,-0.1
moonja01,Jamario Moon,SF,27,TOR,78,27.8,3.6,7.4,0.485,0.5,1.6,0.328,3.1,5.8,0.528,0.52,0.8,1.1,0.328,1.2,5.0,6.2,1.2,1.0,1.4,0.7,1.9,8.5,15.0,0.54,0.212,0.148,5.0,21.6,13.2,6.2,2.0,4.0,7.7,14.4,2.1,3.6,5.7,0.126,0.0,1.9,1.9,2.2
mooremi01,Mikki Moore,PF,32,SAC,82,29.1,3.4,6.0,0.577,0.0,0.0,0.0,3.4,5.9,0.579,0.577,1.6,2.2,0.0,2.0,4.1,6.0,1.0,0.4,0.6,1.3,3.8,8.5,11.5,0.613,0.004,0.372,8.1,16.2,12.2,5.4,0.7,1.5,16.2,12.7,3.2,1.4,4.6,0.092,-1.8,-0.6,-2.4,-0.3
murphtr01,Troy Murphy,PF,27,IND,75,28.1,4.2,9.2,0.455,1.3,3.1,0.398,2.9,6.1,0.484,0.522,2.6,3.2,0.398,1.4,5.8,7.2,2.2,0.7,0.4,1.3,2.9,12.2,16.0,0.573,0.341,0.348,5.5,22.9,14.0,12.3,1.1,1.1,10.7,18.4,3.7,2.5,6.2,0.141,0.9,0.2,1.2,1.7
murraro01,Ronald Murray,PG,28,TOT,42,20.8,3.7,8.7,0.42,0.5,1.5,0.317,3.2,7.2,0.441,0.447,1.6,2.3,0.317,0.5,1.4,2.0,3.4,0.9,0.1,2.0,1.2,9.4,13.2,0.483,0.172,0.267,3.0,7.9,5.4,27.5,2.2,0.3,17.0,25.3,-0.5,0.9,0.4,0.024,-1.5,-1.2,-2.7,-0.1
mutomdi01,Dikembe Mutombo,C,41,HOU,39,15.9,1.1,2.1,0.538,0.0,0.0,0.0,1.1,2.1,0.538,0.538,0.8,1.2,0.0,1.7,3.4,5.1,0.1,0.3,1.2,0.4,1.4,3.0,14.5,0.591,0.0,0.563,12.6,23.5,18.1,1.2,0.9,5.7,14.6,8.6,0.9,1.4,2.3,0.178,-1.2,2.5,1.3,0.5
nachbbo01,Boštjan Nachbar,PF,27,NJN,75,22.1,3.3,8.1,0.402,1.3,3.5,0.359,2.0,4.6,0.435,0.479,2.1,2.6,0.359,0.7,2.7,3.5,1.2,0.6,0.3,1.1,2.4,9.8,12.4,0.531,0.43,0.322,3.9,14.3,9.1,9.3,1.4,1.0,10.9,21.5,1.0,1.2,2.2,0.064,-0.8,-1.0,-1.8,0.1
najered01,Eduardo Nájera,PF,31,DEN,78,21.3,2.2,4.7,0.473,0.7,1.9,0.361,1.6,2.8,0.548,0.545,0.8,1.1,0.361,1.4,2.9,4.3,1.2,0.9,0.5,0.8,2.6,5.9,12.1,0.57,0.399,0.242,7.5,14.3,11.0,7.8,2.0,1.7,12.7,11.9,2.1,2.0,4.1,0.118,-0.8,1.0,0.2,0.9
nashst01,Steve Nash,PG,33,PHO,81,34.3,6.0,11.9,0.504,2.2,4.7,0.47,3.8,7.2,0.527,0.597,2.7,3.0,0.47,0.3,3.1,3.5,11.1,0.7,0.1,3.6,1.4,16.9,21.1,0.641,0.396,0.255,1.2,9.6,5.7,47.3,0.9,0.1,21.6,22.0,9.0,1.4,10.5,0.181,5.8,-1.8,3.9,4.2
navarju01,Juan Carlos Navarro,SG,27,MEM,82,25.8,3.8,9.3,0.402,1.9,5.3,0.361,1.9,4.1,0.455,0.504,1.5,1.8,0.361,0.4,2.1,2.6,2.2,0.6,0.0,1.6,1.1,10.9,11.9,0.54,0.564,0.191,1.8,9.4,5.6,13.3,1.1,0.0,13.9,20.2,1.0,0.4,1.4,0.031,-0.3,-2.0,-2.3,-0.2
nelsoja01,Jameer Nelson,PG,25,ORL,69,28.4,4.1,8.7,0.469,0.9,2.2,0.416,3.2,6.5,0.488,0.522,1.8,2.2,0.416,0.4,3.1,3.5,5.6,0.9,0.1,2.0,2.4,10.9,15.5,0.564,0.255,0.25,1.7,12.1,7.1,31.1,1.7,0.1,17.4,19.0,3.4,2.2,5.6,0.136,0.7,0.5,1.2,1.6
nestera01,Rasho Nesterović,C,31,TOR,71,20.9,3.6,6.6,0.55,0.0,0.0,0.333,3.6,6.5,0.552,0.551,0.5,0.7,0.333,1.8,3.0,4.8,1.2,0.3,0.7,0.8,1.9,7.8,16.1,0.565,0.006,0.105,10.3,17.0,13.6,8.9,0.7,2.8,10.9,17.4,2.3,1.6,3.9,0.125,0.0,-0.1,0.0,0.7
newblir01,Ira Newble,SG-SF,33,TOT,49,14.2,1.6,3.6,0.437,0.3,1.0,0.327,1.2,2.6,0.48,0.483,0.4,0.5,0.327,1.0,1.6,2.6,0.4,0.6,0.2,0.7,1.4,3.8,9.7,0.507,0.282,0.149,7.5,13.1,10.2,4.0,2.1,0.9,15.5,14.2,0.1,0.8,0.9,0.061,-2.9,-0.1,-3.0,-0.2
noahjo01,Joakim Noah,C,22,CHI,74,20.7,2.4,5.0,0.482,0.0,0.0,0.0,2.4,4.9,0.484,0.482,1.8,2.6,0.0,2.4,3.3,5.6,1.1,0.9,0.9,1.2,2.3,6.6,15.5,0.539,0.003,0.529,12.4,18.4,15.3,8.6,2.3,3.3,16.4,15.6,1.5,2.3,3.8,0.12,-1.2,1.0,-0.2,0.7
nocioan01,Andrés Nocioni,SF,28,CHI,82,24.6,4.6,10.7,0.432,1.5,4.2,0.364,3.1,6.5,0.476,0.504,2.4,3.0,0.364,0.6,3.6,4.2,1.2,0.3,0.5,1.6,3.0,13.2,13.6,0.549,0.395,0.277,2.6,17.0,9.5,8.3,0.6,1.7,11.9,24.5,1.5,1.8,3.3,0.077,-0.2,-0.7,-0.8,0.6
novakst01,Steve Novak,SF,24,HOU,35,7.5,1.4,2.9,0.48,1.0,2.0,0.479,0.4,0.9,0.484,0.647,0.1,0.1,0.479,0.1,0.9,1.0,0.2,0.1,0.1,0.1,0.5,3.9,17.3,0.651,0.696,0.039,1.7,13.0,7.5,3.9,0.4,0.8,3.7,18.7,0.7,0.3,1.1,0.196,4.3,-0.1,4.2,0.4
nowitdi01,Dirk Nowitzki,PF,29,DAL,77,36.0,8.2,17.1,0.479,1.0,2.9,0.359,7.2,14.2,0.504,0.51,6.2,7.1,0.359,1.2,7.3,8.6,3.5,0.7,0.9,2.1,2.6,23.6,24.6,0.585,0.167,0.414,4.1,22.8,13.8,17.8,1.0,1.9,9.3,28.8,8.9,4.0,12.9,0.223,5.6,1.0,6.6,6.0
onealje01,Jermaine O'Neal,C,29,IND,42,28.7,5.4,12.2,0.439,0.0,0.1,0.0,5.4,12.1,0.444,0.439,2.9,3.9,0.0,2.0,4.8,6.7,2.2,0.5,2.1,2.5,3.1,13.6,14.4,0.489,0.01,0.318,7.3,18.5,12.8,12.9,0.8,5.4,15.4,24.8,-0.7,1.6,0.9,0.035,-2.7,0.9,-1.8,0.1
onealsh01,Shaquille O'Neal,C,35,TOT,61,28.7,5.4,9.1,0.593,0.0,0.0,0.0,5.4,9.1,0.593,0.593,2.8,5.5,0.0,2.7,6.4,9.1,1.5,0.5,1.4,3.0,3.7,13.6,17.1,0.589,0.0,0.606,11.4,24.8,18.4,9.1,0.9,3.7,20.4,23.5,0.6,2.3,2.8,0.078,-1.2,0.2,-1.1,0.4
obertfa01,Fabricio Oberto,C,32,SAS,82,20.0,2.2,3.6,0.608,0.0,0.0,0.0,2.2,3.6,0.61,0.608,0.5,0.7,0.0,1.9,3.4,5.2,1.2,0.5,0.2,0.6,2.5,4.8,13.8,0.615,0.003,0.206,11.1,19.6,15.4,9.1,1.2,0.9,13.6,10.9,3.2,2.9,6.1,0.178,-1.2,1.7,0.4,1.0
odomla01,Lamar Odom,PF,28,LAL,77,37.9,5.4,10.3,0.525,0.4,1.5,0.274,5.0,8.9,0.566,0.544,3.0,4.3,0.274,2.6,8.1,10.6,3.5,1.0,0.9,2.0,2.9,14.2,16.9,0.582,0.142,0.413,7.8,22.7,15.6,13.8,1.3,1.8,14.2,16.5,5.3,4.3,9.7,0.159,1.3,1.0,2.3,3.2
okafoem01,Emeka Okafor,C,25,CHA,82,33.1,5.6,10.5,0.535,0.0,0.0,0.0,5.6,10.5,0.535,0.535,2.6,4.6,0.0,3.1,7.6,10.7,0.9,0.8,1.7,2.0,2.9,13.8,17.4,0.553,0.0,0.435,10.7,26.4,18.5,4.5,1.2,3.9,13.8,20.0,2.2,3.6,5.8,0.103,-0.7,-0.4,-1.1,0.6
okurme01,Mehmet Okur,C,28,UTA,72,33.2,5.2,11.7,0.445,1.6,4.1,0.388,3.6,7.6,0.475,0.512,2.6,3.2,0.388,1.8,5.9,7.7,2.0,0.8,0.4,1.4,3.3,14.5,15.2,0.556,0.35,0.273,6.8,21.5,14.2,9.0,1.2,1.0,9.9,19.6,4.0,2.7,6.7,0.134,1.3,-0.5,0.8,1.7
ollieke01,Kevin Ollie,SG,35,PHI,40,7.5,0.7,1.7,0.42,0.0,0.0,0.0,0.7,1.7,0.426,0.42,0.3,0.4,0.0,0.1,0.4,0.5,1.0,0.3,0.0,0.1,0.7,1.8,9.7,0.463,0.014,0.217,1.6,6.0,3.8,18.7,1.8,0.0,6.2,12.1,0.3,0.2,0.5,0.084,-3.3,0.6,-2.7,-0.1
outlatr01,Travis Outlaw,PF,23,POR,82,26.7,5.1,11.8,0.433,0.5,1.2,0.396,4.6,10.5,0.437,0.453,2.7,3.6,0.396,1.2,3.4,4.6,1.3,0.7,0.8,1.3,2.1,13.3,15.7,0.499,0.105,0.305,5.2,15.0,10.1,8.9,1.5,2.2,8.9,26.0,0.9,2.3,3.2,0.071,-0.2,-0.1,-0.3,1.0
owensan01,Andre Owens,PG,27,IND,31,12.6,1.3,3.5,0.374,0.6,1.3,0.45,0.7,2.2,0.328,0.458,0.8,1.1,0.45,0.4,1.1,1.5,1.5,0.4,0.1,0.8,1.2,4.0,10.0,0.504,0.374,0.318,3.5,9.6,6.5,17.6,1.6,0.6,16.4,16.1,0.1,0.3,0.4,0.053,-1.4,0.5,-1.0,0.1
pachuza01,Zaza Pachulia,C,23,ATL,62,15.2,1.7,4.0,0.437,0.0,0.0,0.0,1.7,3.9,0.442,0.437,1.7,2.5,0.0,1.4,2.6,4.0,0.6,0.4,0.2,1.1,2.3,5.2,11.0,0.515,0.012,0.624,11.0,19.5,15.3,6.0,1.3,1.0,18.1,18.3,0.2,0.9,1.1,0.054,-3.9,-1.3,-5.1,-0.7
pargoja01,Jannero Pargo,SG,28,NOH,80,18.7,3.2,8.2,0.39,0.8,2.3,0.349,2.4,5.8,0.406,0.439,0.9,1.0,0.349,0.3,1.3,1.6,2.4,0.6,0.1,1.2,1.5,8.1,11.9,0.468,0.285,0.124,2.0,8.3,5.1,20.4,1.8,0.3,11.9,24.2,-0.3,1.4,1.1,0.037,-1.8,-0.9,-2.7,-0.3
parkean01,Anthony Parker,SG,32,TOR,82,32.1,4.8,10.1,0.476,1.6,3.7,0.438,3.2,6.4,0.499,0.557,1.2,1.5,0.438,0.6,3.5,4.1,2.2,1.0,0.2,1.1,1.9,12.5,14.4,0.58,0.367,0.151,2.2,12.9,7.5,10.8,1.6,0.5,9.0,17.4,3.8,2.5,6.2,0.113,0.6,0.2,0.9,1.9
parketo01,Tony Parker,PG,25,SAS,69,33.5,7.5,15.1,0.494,0.2,1.0,0.258,7.2,14.2,0.51,0.502,3.6,5.0,0.258,0.4,2.8,3.2,6.0,0.8,0.1,2.4,1.3,18.8,20.0,0.542,0.063,0.333,1.6,9.6,5.6,34.1,1.3,0.3,12.1,28.2,3.9,3.2,7.0,0.146,2.5,-0.1,2.4,2.6
paulch01,Chris Paul,PG,22,NOH,80,37.6,7.9,16.1,0.488,1.2,3.1,0.369,6.7,13.0,0.516,0.524,4.2,4.9,0.369,0.8,3.2,4.0,11.6,2.7,0.1,2.5,2.3,21.1,28.3,0.576,0.193,0.302,2.4,10.3,6.2,52.2,3.9,0.1,12.1,25.7,13.2,4.6,17.8,0.284,7.2,3.2,10.4,9.3
pavloal01,Sasha Pavlović,SG,24,CLE,51,23.3,2.9,7.9,0.362,0.7,2.2,0.298,2.2,5.7,0.388,0.404,1.0,1.5,0.298,0.7,1.8,2.5,1.6,0.6,0.1,1.1,2.3,7.4,7.2,0.434,0.283,0.191,3.3,9.2,6.1,11.2,1.3,0.4,11.2,18.8,-0.8,0.9,0.2,0.006,-4.2,-0.7,-4.9,-0.9
pecheol01,Oleksiy Pecherov,C,22,WAS,35,9.1,1.3,3.6,0.352,0.5,1.7,0.283,0.8,1.9,0.415,0.42,0.6,0.9,0.283,0.6,1.3,1.9,0.2,0.2,0.1,0.5,0.9,3.6,9.6,0.451,0.48,0.248,7.5,16.9,12.1,3.6,1.0,1.3,10.9,22.4,-0.2,0.2,0.0,-0.002,-2.7,-3.4,-6.1,-0.3
perkike01,Kendrick Perkins,C,23,BOS,78,24.5,2.7,4.5,0.615,0.0,0.0,0.0,2.7,4.4,0.617,0.615,1.5,2.3,0.0,1.9,4.2,6.1,1.1,0.4,1.5,1.6,3.1,6.9,13.3,0.632,0.003,0.526,9.6,19.3,14.8,6.8,0.9,4.9,22.6,13.5,1.9,4.3,6.2,0.156,-1.9,2.4,0.5,1.2
petermo01,Morris Peterson,SG,30,NOH,76,23.6,2.8,6.8,0.417,1.5,3.8,0.394,1.3,3.0,0.445,0.526,0.9,1.1,0.394,0.5,2.2,2.7,0.9,0.6,0.1,0.5,1.6,8.0,11.2,0.549,0.556,0.165,2.3,11.3,6.7,5.5,1.4,0.3,6.9,15.4,2.1,1.7,3.8,0.101,-0.5,0.1,-0.3,0.8
petrojo01,Johan Petro,C,22,SEA,72,18.2,2.6,6.1,0.419,0.0,0.0,0.0,2.6,6.1,0.42,0.419,0.9,1.2,0.0,1.4,3.8,5.1,0.4,0.5,0.6,1.0,2.4,6.0,10.0,0.453,0.002,0.198,8.2,22.6,15.4,3.8,1.3,2.3,13.3,18.2,-1.1,1.5,0.4,0.014,-4.8,-0.3,-5.1,-1.0
piercpa01,Paul Pierce,SF,30,BOS,80,35.9,6.4,13.7,0.464,1.8,4.6,0.392,4.6,9.2,0.499,0.529,5.1,6.1,0.392,0.7,4.5,5.1,4.5,1.3,0.5,2.8,2.5,19.6,19.6,0.599,0.332,0.442,2.3,14.0,8.5,21.8,1.9,1.0,14.4,24.8,6.7,5.7,12.4,0.207,3.3,1.4,4.8,5.0
pietrmi01,Mickaël Piétrus,SF,25,GSW,66,19.9,2.6,5.9,0.439,1.0,2.8,0.361,1.6,3.1,0.51,0.525,1.0,1.5,0.361,1.0,2.7,3.7,0.7,1.0,0.7,0.7,3.0,7.2,12.7,0.549,0.473,0.253,5.2,14.8,9.8,5.1,2.4,2.4,10.0,15.3,1.4,1.4,2.8,0.104,-1.1,0.9,-0.2,0.6
poseyja01,James Posey,PF,31,BOS,74,24.6,2.3,5.6,0.418,1.4,3.8,0.38,0.9,1.8,0.496,0.546,1.3,1.6,0.38,0.4,3.9,4.4,1.5,1.0,0.3,0.9,2.5,7.4,12.0,0.587,0.674,0.278,2.1,18.0,10.5,9.5,2.1,0.9,12.3,13.5,2.2,4.0,6.2,0.164,0.0,2.5,2.5,2.1
powele01,Leon Powe,C,24,BOS,56,14.4,2.8,4.8,0.572,0.0,0.0,0.0,2.8,4.8,0.575,0.572,2.4,3.4,0.0,1.7,2.4,4.1,0.3,0.3,0.3,0.8,2.3,7.9,20.9,0.629,0.004,0.717,14.9,18.3,16.7,3.3,1.0,1.6,10.8,22.8,2.7,1.6,4.3,0.256,1.0,-0.7,0.2,0.5
poweljo01,Josh Powell,C,25,LAC,64,19.2,2.3,4.9,0.46,0.0,0.0,0.0,2.3,4.9,0.465,0.46,1.0,1.4,0.0,1.8,3.4,5.2,0.7,0.2,0.4,1.0,2.0,5.5,10.7,0.5,0.01,0.276,10.7,20.4,15.6,6.4,0.6,1.4,15.5,15.7,0.1,1.0,1.1,0.042,-3.1,-1.7,-4.9,-0.9
pricero01,Ronnie Price,PG,24,UTA,61,9.6,1.4,3.3,0.431,0.4,1.2,0.347,1.0,2.1,0.481,0.495,0.4,0.6,0.347,0.1,0.6,0.8,1.3,0.5,0.0,0.5,1.4,3.7,12.3,0.516,0.368,0.186,1.7,7.8,4.8,19.4,2.8,0.4,12.0,19.1,0.5,0.6,1.1,0.094,-1.8,1.1,-0.7,0.2
princta01,Tayshaun Prince,SF,27,DET,82,32.9,5.1,11.5,0.448,0.6,1.8,0.363,4.5,9.7,0.463,0.476,2.3,2.9,0.363,1.3,3.5,4.9,3.3,0.5,0.4,1.1,1.1,13.2,15.6,0.516,0.155,0.256,4.8,12.9,8.8,16.5,0.9,1.0,8.0,19.9,4.3,3.2,7.5,0.133,1.7,-0.1,1.6,2.5
przybjo01,Joel Przybilla,C,28,POR,77,23.6,1.9,3.2,0.576,0.0,0.0,0.0,1.9,3.2,0.578,0.576,1.1,1.6,0.0,2.5,5.9,8.4,0.4,0.2,1.2,1.2,3.0,4.8,12.3,0.611,0.004,0.488,12.7,29.3,21.0,2.3,0.4,4.0,23.8,10.4,1.6,2.7,4.3,0.113,-2.6,0.9,-1.7,0.1
quinnch01,Chris Quinn,PG,24,MIA,60,22.3,2.6,6.2,0.424,1.1,2.7,0.403,1.6,3.6,0.439,0.509,1.4,1.6,0.403,0.2,1.8,2.0,3.0,0.8,0.1,0.9,1.5,7.8,13.8,0.559,0.426,0.263,1.0,9.7,5.3,22.5,1.8,0.2,11.7,16.6,1.9,0.7,2.6,0.092,-0.2,-0.3,-0.5,0.5
radmavl01,Vladimir Radmanović,SF,27,LAL,65,22.8,3.0,6.7,0.453,1.5,3.6,0.406,1.6,3.1,0.507,0.562,0.8,1.0,0.406,0.9,2.4,3.3,1.9,0.7,0.2,1.1,2.3,8.4,12.6,0.583,0.535,0.149,4.4,11.4,8.0,12.1,1.6,0.6,13.6,16.0,2.0,1.5,3.5,0.113,0.4,-0.2,0.2,0.8
randoza01,Zach Randolph,C,26,NYK,69,32.5,7.0,15.3,0.459,0.3,1.2,0.275,6.7,14.2,0.474,0.47,3.2,4.2,0.275,2.7,7.6,10.3,2.0,0.9,0.2,2.7,2.8,17.6,18.0,0.513,0.076,0.273,9.1,27.6,18.0,11.8,1.4,0.6,13.6,27.4,0.9,2.0,3.0,0.063,0.5,-1.1,-0.6,0.8
reddmi01,Michael Redd,SG,28,MIL,72,37.5,7.6,17.3,0.442,1.8,5.0,0.362,5.8,12.3,0.475,0.495,5.6,6.8,0.362,1.2,3.1,4.3,3.4,0.9,0.2,2.5,1.7,22.7,18.8,0.559,0.289,0.394,3.5,10.2,6.7,16.4,1.3,0.4,11.0,27.3,5.6,0.2,5.8,0.104,3.5,-2.1,1.5,2.4
redicjj01,J.J. Redick,SG,23,ORL,34,8.1,1.4,3.2,0.444,0.5,1.3,0.395,0.9,1.9,0.477,0.523,0.8,1.0,0.395,0.0,0.6,0.7,0.5,0.1,0.0,0.4,0.9,4.1,12.7,0.569,0.398,0.315,0.4,8.8,4.8,9.7,0.7,0.0,10.9,22.9,0.3,0.2,0.5,0.091,-1.0,-1.4,-2.4,0.0
richach01,Chris Richard,C,23,MIN,52,10.7,0.8,1.7,0.471,0.0,0.0,0.0,0.8,1.7,0.471,0.471,0.3,0.5,0.0,1.0,1.6,2.6,0.3,0.2,0.2,0.5,1.6,1.9,7.9,0.496,0.0,0.31,10.5,17.9,14.1,4.6,0.9,1.7,19.5,10.0,0.1,0.3,0.4,0.037,-4.6,-1.1,-5.7,-0.5
richaja01,Jason Richardson,SF,27,CHA,82,38.4,7.9,17.9,0.441,3.0,7.3,0.406,4.9,10.6,0.466,0.524,3.0,4.0,0.406,1.0,4.4,5.4,3.1,1.4,0.7,2.0,2.9,21.8,18.4,0.554,0.408,0.225,2.9,13.3,8.0,15.2,1.9,1.4,9.3,25.9,4.8,2.6,7.4,0.113,3.3,-0.3,3.0,4.0
richaqu01,Quentin Richardson,SF,27,NYK,65,28.3,3.1,8.5,0.359,1.1,3.3,0.322,2.0,5.2,0.381,0.421,0.9,1.4,0.322,0.9,4.0,4.8,1.8,0.7,0.2,1.1,2.4,8.1,8.5,0.444,0.386,0.159,3.4,16.5,9.7,9.9,1.3,0.6,10.4,16.1,-0.6,0.9,0.3,0.008,-2.3,-0.5,-2.8,-0.4
ridnolu01,Luke Ridnour,PG,26,SEA,61,20.0,2.4,6.0,0.399,0.3,1.2,0.296,2.1,4.9,0.424,0.428,1.3,1.5,0.296,0.2,1.3,1.5,4.0,0.6,0.2,1.3,2.0,6.4,11.3,0.482,0.193,0.247,1.2,7.2,4.2,29.5,1.5,0.8,16.4,17.3,0.3,0.6,0.9,0.035,-2.4,-0.7,-3.1,-0.4
robinna01,Nate Robinson,PG,23,NYK,72,26.2,4.6,10.9,0.423,1.3,4.1,0.332,3.3,6.8,0.478,0.485,2.1,2.7,0.332,0.7,2.4,3.1,2.9,0.8,0.0,1.4,2.6,12.7,15.3,0.526,0.373,0.251,3.0,10.7,6.7,19.7,1.7,0.0,10.6,23.1,2.5,0.7,3.2,0.082,0.8,-0.8,0.0,1.0
rodrise01,Sergio Rodríguez,PG,21,POR,72,8.7,1.0,2.7,0.352,0.2,0.8,0.293,0.7,1.9,0.377,0.395,0.3,0.5,0.293,0.2,0.6,0.8,1.7,0.3,0.0,0.7,0.8,2.5,9.0,0.423,0.296,0.194,2.4,8.4,5.4,31.2,2.1,0.0,19.9,20.0,-0.7,0.5,-0.2,-0.017,-3.1,-0.5,-3.7,-0.3
rondora01,Rajon Rondo,PG,21,BOS,77,29.9,4.6,9.3,0.492,0.1,0.2,0.263,4.5,9.0,0.499,0.496,1.4,2.3,0.263,1.0,3.2,4.2,5.1,1.7,0.2,1.9,2.4,10.6,15.6,0.515,0.027,0.245,4.3,11.9,8.3,28.2,3.0,0.5,15.7,18.9,2.3,4.9,7.2,0.15,-0.4,2.6,2.1,2.4
rosema01,Malik Rose,PF,33,NYK,49,10.1,1.3,3.7,0.367,0.0,0.1,0.286,1.3,3.5,0.37,0.372,0.8,1.0,0.286,0.6,1.5,2.1,0.6,0.3,0.1,0.8,1.6,3.5,7.3,0.422,0.039,0.283,6.9,17.1,11.9,9.3,1.7,1.1,16.5,22.0,-0.9,0.4,-0.5,-0.052,-6.3,-1.2,-7.5,-0.7
rossqu01,Quinton Ross,SG,26,LAC,76,19.8,1.7,4.4,0.391,0.1,0.3,0.429,1.6,4.1,0.389,0.404,0.5,0.8,0.429,0.7,1.6,2.3,1.2,0.6,0.4,0.4,1.7,4.1,7.6,0.43,0.063,0.179,4.1,9.1,6.6,9.4,1.5,1.6,7.4,12.0,-0.3,1.0,0.7,0.022,-3.6,0.5,-3.2,-0.4
roybr01,Brandon Roy,SG,23,POR,74,37.7,7.2,15.8,0.454,1.0,2.9,0.34,6.2,12.9,0.48,0.485,3.8,5.0,0.34,1.1,3.6,4.7,5.8,1.1,0.2,1.8,2.0,19.1,19.4,0.531,0.184,0.319,3.4,11.2,7.3,28.2,1.5,0.4,9.3,24.9,5.9,2.1,8.0,0.138,3.2,0.1,3.3,3.6
ruffimi01,Michael Ruffin,C,31,MIL,46,13.7,0.7,1.3,0.532,0.0,0.0,0.0,0.7,1.3,0.532,0.532,0.5,1.4,0.0,2.0,2.1,4.0,0.5,0.7,0.4,0.4,2.0,2.0,12.1,0.507,0.0,1.016,16.1,18.6,17.3,5.3,2.6,2.4,17.5,7.7,0.7,0.6,1.2,0.095,-2.0,0.3,-1.8,0.0
rushka01,Kareem Rush,SG,27,IND,71,21.2,3.2,8.0,0.401,1.4,3.7,0.389,1.8,4.3,0.41,0.49,0.4,0.6,0.389,0.3,2.1,2.4,1.3,0.6,0.3,0.9,1.5,8.3,10.0,0.5,0.46,0.074,1.3,11.0,6.1,9.3,1.4,1.0,9.5,18.7,-0.2,1.2,1.0,0.033,-1.6,-0.7,-2.3,-0.1
salmojo01,John Salmons,SG,28,SAC,81,31.1,4.7,9.9,0.477,0.5,1.5,0.325,4.2,8.4,0.504,0.501,2.6,3.2,0.325,0.9,3.4,4.3,2.6,1.1,0.4,2.1,2.1,12.5,13.9,0.556,0.15,0.325,3.6,12.6,8.2,13.4,1.9,1.0,15.7,19.2,2.0,1.7,3.7,0.071,-0.3,-0.3,-0.6,0.9
scalabr01,Brian Scalabrine,PF,29,BOS,48,10.7,0.6,2.0,0.309,0.3,1.0,0.326,0.3,1.0,0.292,0.388,0.3,0.4,0.326,0.5,1.2,1.6,0.8,0.2,0.2,0.5,1.3,1.8,5.1,0.428,0.489,0.213,5.4,12.5,9.2,11.2,0.9,1.3,20.2,11.7,-0.3,0.9,0.6,0.057,-3.8,1.0,-2.8,-0.1
scolalu01,Luis Scola,PF,27,HOU,82,24.7,4.2,8.2,0.515,0.0,0.0,0.0,4.2,8.1,0.517,0.515,1.9,2.9,0.0,2.1,4.3,6.4,1.3,0.7,0.2,1.3,2.9,10.3,16.1,0.548,0.004,0.351,9.9,19.3,14.6,8.9,1.6,0.7,12.0,19.8,2.8,3.7,6.5,0.154,-1.0,1.0,0.0,1.0
sefolth01,Thabo Sefolosha,SG,23,CHI,69,20.8,2.6,6.1,0.428,0.4,1.3,0.33,2.2,4.8,0.453,0.462,1.1,1.5,0.33,0.7,3.0,3.7,1.9,0.9,0.4,1.3,1.9,6.7,11.4,0.497,0.209,0.247,3.8,16.7,10.0,14.3,2.2,1.6,16.6,17.3,-0.3,1.8,1.5,0.05,-2.3,1.2,-1.0,0.4
simmobo01,Bobby Simmons,SF,27,MIL,70,21.7,3.0,7.1,0.421,0.9,2.4,0.351,2.1,4.6,0.458,0.482,0.8,1.0,0.351,1.0,2.3,3.2,1.1,0.7,0.1,1.1,2.0,7.6,10.3,0.504,0.345,0.141,5.0,12.8,8.7,8.4,1.7,0.3,12.9,17.9,0.2,0.5,0.7,0.022,-1.9,-1.2,-3.2,-0.4
skinnbr01,Brian Skinner,C,31,PHO,66,12.8,1.4,3.0,0.465,0.0,0.0,0.667,1.4,3.0,0.462,0.47,0.5,1.0,0.667,1.0,2.7,3.6,0.2,0.3,1.2,0.6,1.7,3.3,11.4,0.485,0.015,0.318,9.2,21.7,15.9,2.4,1.2,6.0,14.7,14.0,-0.2,1.4,1.2,0.069,-4.1,1.1,-3.0,-0.2
smithcr01,Craig Smith,PF,24,MIN,77,20.1,3.9,6.9,0.563,0.0,0.1,0.0,3.9,6.7,0.572,0.563,1.7,2.6,0.0,1.6,3.0,4.6,0.8,0.5,0.2,1.2,2.8,9.4,16.7,0.59,0.017,0.379,8.9,17.8,13.2,6.6,1.2,0.9,12.6,20.6,2.7,0.9,3.5,0.109,-0.3,-1.0,-1.3,0.3
smithjr01,J.R. Smith,SG,22,DEN,74,19.2,4.2,9.1,0.461,2.1,5.3,0.403,2.1,3.8,0.542,0.578,1.7,2.4,0.403,0.6,1.5,2.1,1.7,0.8,0.2,1.5,1.9,12.3,18.1,0.603,0.579,0.264,3.3,8.1,5.8,14.7,2.1,0.6,13.0,25.8,2.5,1.3,3.7,0.126,3.4,-0.8,2.6,1.6
smithja02,Jason Smith,PF,21,PHI,76,14.6,1.9,4.1,0.455,0.1,0.2,0.286,1.8,3.9,0.463,0.461,0.7,1.1,0.286,1.0,2.0,3.0,0.3,0.3,0.7,0.6,1.9,4.5,10.7,0.491,0.045,0.265,8.2,16.6,12.3,2.8,1.1,3.6,12.2,16.1,0.2,1.4,1.5,0.067,-3.6,0.1,-3.5,-0.4
smithjo02,Joe Smith,PF,32,TOT,77,22.4,4.1,8.5,0.478,0.0,0.0,0.0,4.1,8.4,0.48,0.478,2.0,2.6,0.0,2.1,3.1,5.2,0.9,0.4,0.6,0.9,2.4,10.1,16.1,0.524,0.005,0.312,10.3,16.1,13.1,6.7,1.0,2.1,8.7,21.0,2.4,1.8,4.1,0.115,-0.5,-0.6,-1.1,0.4
smithjo03,Josh Smith,PF,22,ATL,81,35.5,6.4,14.0,0.457,0.3,1.2,0.253,6.1,12.8,0.477,0.468,4.1,5.8,0.253,2.0,6.2,8.2,3.4,1.5,2.8,3.0,3.3,17.2,19.0,0.52,0.087,0.414,6.6,20.4,13.5,16.6,2.3,5.9,15.5,25.0,1.2,4.6,5.8,0.097,0.5,2.5,3.0,3.7
snydeki01,Kirk Snyder,SF-PF,24,TOT,36,21.1,2.7,5.3,0.508,0.1,0.6,0.217,2.5,4.6,0.548,0.521,1.8,2.4,0.217,0.8,2.7,3.5,1.8,0.6,0.4,1.4,1.5,7.3,13.3,0.573,0.122,0.466,4.4,15.0,9.6,12.9,1.4,1.6,18.6,16.6,0.6,0.5,1.1,0.068,-1.1,-0.7,-1.8,0.0
songada01,Darius Songaila,C,29,WAS,80,19.4,2.7,5.8,0.458,0.0,0.0,0.0,2.7,5.8,0.46,0.458,0.8,0.9,0.0,1.0,2.4,3.4,1.7,0.7,0.2,1.1,2.3,6.2,11.8,0.496,0.004,0.156,6.0,14.7,10.2,14.2,1.8,0.9,14.7,17.3,0.6,1.2,1.7,0.053,-2.3,-0.3,-2.6,-0.2
stackje01,Jerry Stackhouse,SG,33,DAL,58,24.3,3.7,9.1,0.405,1.0,3.2,0.326,2.6,5.9,0.447,0.462,2.3,2.6,0.326,0.6,1.7,2.3,2.5,0.5,0.2,1.5,1.4,10.7,13.3,0.523,0.35,0.281,2.8,7.9,5.4,16.7,1.1,0.5,12.7,22.4,1.2,1.1,2.3,0.077,0.3,-1.1,-0.8,0.4
stevede01,DeShawn Stevenson,SG,26,WAS,82,31.3,3.7,9.5,0.386,1.9,5.0,0.383,1.7,4.5,0.39,0.487,1.9,2.4,0.383,0.5,2.4,2.9,3.1,0.8,0.2,1.2,1.3,11.2,12.6,0.529,0.529,0.253,1.6,9.3,5.4,15.5,1.4,0.5,10.5,17.4,3.2,0.9,4.1,0.077,0.9,-1.0,-0.2,1.2
stojape01,Peja Stojaković,SF,30,NOH,77,35.2,5.9,13.3,0.44,3.0,6.8,0.441,2.9,6.5,0.438,0.552,1.7,1.8,0.441,0.8,3.5,4.3,1.2,0.7,0.1,0.8,1.6,16.4,15.7,0.581,0.511,0.136,2.7,11.8,7.1,5.6,1.1,0.3,5.3,19.7,5.8,2.4,8.1,0.144,2.5,-0.9,1.7,2.5
stoudda01,Damon Stoudamire,PG,34,TOT,60,17.3,2.0,5.6,0.356,0.8,2.5,0.336,1.2,3.1,0.372,0.43,0.5,0.6,0.336,0.3,1.6,2.0,2.8,0.5,0.0,1.3,1.3,5.3,8.9,0.45,0.442,0.101,2.2,10.8,6.5,24.6,1.5,0.1,18.5,19.1,-0.9,0.8,-0.1,-0.004,-2.7,-1.0,-3.7,-0.4
stoudsa01,Salim Stoudamire,PG,25,ATL,35,11.5,1.9,5.1,0.361,0.8,2.4,0.341,1.0,2.7,0.379,0.442,1.2,1.4,0.341,0.1,0.6,0.7,0.8,0.2,0.1,0.6,1.0,5.7,11.1,0.495,0.472,0.278,1.2,5.8,3.5,11.9,0.9,0.9,9.4,25.2,0.1,0.1,0.3,0.031,-1.0,-2.5,-3.5,-0.1
stoudam01,Amar'e Stoudemire,C,25,PHO,79,33.9,9.0,15.3,0.59,0.1,0.4,0.161,9.0,14.9,0.601,0.592,7.0,8.7,0.161,2.3,6.8,9.1,1.5,0.8,2.1,2.2,3.7,25.2,27.6,0.656,0.026,0.571,8.2,21.1,15.2,7.5,1.2,4.0,10.3,28.2,10.9,3.8,14.6,0.262,4.2,0.6,4.8,4.6
strawdj01,D.J. Strawberry,SG,22,PHO,33,8.2,0.9,2.8,0.315,0.2,0.8,0.24,0.7,2.0,0.343,0.348,0.3,0.6,0.24,0.3,0.6,0.8,0.9,0.4,0.2,0.3,1.1,2.2,6.2,0.364,0.272,0.207,4.1,7.4,5.9,14.8,2.2,1.5,9.9,18.5,-0.4,0.2,-0.2,-0.031,-5.9,0.3,-5.6,-0.2
stuckro01,Rodney Stuckey,PG,21,DET,57,19.0,2.7,6.7,0.401,0.1,0.3,0.188,2.6,6.4,0.41,0.404,2.2,2.7,0.188,0.6,1.7,2.3,2.8,0.9,0.1,1.4,2.0,7.6,13.8,0.484,0.042,0.408,3.5,10.8,7.1,23.9,2.5,0.4,14.8,23.1,0.4,1.6,2.0,0.09,-2.1,1.1,-1.1,0.3
swiftst01,Stromile Swift,PF,28,TOT,56,15.1,2.4,4.7,0.509,0.0,0.0,0.0,2.4,4.7,0.513,0.509,1.3,1.9,0.0,1.1,2.4,3.6,0.5,0.3,1.0,0.9,2.0,6.1,14.8,0.548,0.008,0.411,8.5,18.3,13.4,5.1,0.9,4.8,14.0,19.3,0.6,0.8,1.4,0.078,-2.6,-0.2,-2.8,-0.2
szczewa02,Wally Szczerbiak,SF,30,TOT,75,23.1,4.1,9.6,0.431,1.2,2.9,0.413,2.9,6.7,0.438,0.493,2.0,2.3,0.413,0.5,2.4,2.9,1.4,0.3,0.2,1.0,1.4,11.5,13.9,0.539,0.302,0.242,2.2,11.8,6.9,10.1,0.7,0.5,8.7,22.1,2.0,0.9,2.9,0.079,0.7,-1.1,-0.5,0.7
telfase01,Sebastian Telfair,PG,22,MIN,60,32.2,3.7,9.3,0.401,0.5,1.9,0.281,3.2,7.4,0.432,0.43,1.3,1.8,0.281,0.3,2.0,2.3,5.9,1.0,0.2,1.9,2.9,9.3,10.4,0.462,0.205,0.189,0.9,7.4,4.0,27.7,1.6,0.5,15.6,16.6,0.2,0.5,0.7,0.018,-2.2,-1.0,-3.1,-0.6
terryja01,Jason Terry,SG,30,DAL,82,31.5,5.7,12.3,0.467,1.7,4.4,0.375,4.1,7.9,0.519,0.535,2.3,2.7,0.375,0.4,2.2,2.5,3.2,1.1,0.2,1.1,2.1,15.5,17.8,0.574,0.36,0.221,1.4,7.7,4.7,17.5,1.8,0.5,7.7,21.7,6.1,2.5,8.6,0.16,2.6,0.4,3.1,3.3
thomaku01,Kurt Thomas,C-PF,35,TOT,70,22.6,2.8,5.7,0.492,0.0,0.0,0.0,2.8,5.6,0.494,0.492,0.8,1.1,0.0,1.9,5.4,7.2,1.0,0.8,0.8,0.7,2.7,6.3,14.2,0.514,0.003,0.202,9.2,26.4,17.8,6.5,1.8,2.6,9.6,13.5,1.3,2.7,4.1,0.123,-1.7,1.9,0.1,0.9
thomati01,Tim Thomas,PF,30,LAC,63,30.8,4.6,11.2,0.413,1.3,4.3,0.306,3.3,6.9,0.479,0.472,1.8,2.4,0.306,1.0,4.1,5.1,2.7,0.6,0.5,1.6,3.0,12.4,12.2,0.505,0.384,0.217,3.7,15.6,9.6,15.7,1.1,1.1,11.3,20.7,0.3,1.4,1.7,0.042,-0.9,-0.5,-1.4,0.3
thomaty01,Tyrus Thomas,PF,21,CHI,74,18.0,2.5,5.9,0.423,0.0,0.1,0.167,2.5,5.9,0.426,0.424,1.7,2.4,0.167,1.4,3.2,4.6,1.2,0.6,1.0,1.0,2.3,6.8,14.6,0.486,0.014,0.395,8.4,21.1,14.5,11.0,1.9,4.2,13.0,19.7,0.4,2.1,2.4,0.088,-2.2,1.6,-0.6,0.5
thornal01,Al Thornton,PF,24,LAC,79,27.3,4.7,11.0,0.429,0.5,1.6,0.331,4.2,9.4,0.447,0.454,2.7,3.6,0.331,1.2,3.3,4.5,1.2,0.6,0.5,1.6,2.5,12.7,12.7,0.504,0.149,0.331,5.2,14.0,9.6,8.4,1.1,1.5,11.4,24.1,-0.5,1.6,1.1,0.025,-1.9,-1.5,-3.4,-0.8
tinslja01,Jamaal Tinsley,PG,29,IND,39,33.2,4.5,11.9,0.38,1.0,3.6,0.284,3.5,8.3,0.422,0.423,1.8,2.6,0.284,0.6,3.0,3.6,8.4,1.7,0.3,3.3,2.5,11.9,12.8,0.458,0.305,0.216,2.0,10.0,5.9,38.8,2.5,0.6,20.4,21.3,-0.6,1.3,0.8,0.028,-1.0,-0.5,-1.5,0.1
turiaro01,Ronny Turiaf,C,25,LAL,78,18.7,2.4,5.1,0.474,0.0,0.0,0.0,2.4,5.1,0.475,0.474,1.8,2.4,0.0,1.2,2.7,3.9,1.6,0.4,1.4,0.9,2.6,6.6,15.0,0.539,0.003,0.469,7.5,15.4,11.6,12.7,1.0,5.3,13.1,16.7,2.0,2.1,4.2,0.137,-1.2,1.9,0.7,1.0
turkohe01,Hedo Türkoğlu,SF,28,ORL,82,36.9,6.8,14.9,0.456,2.0,5.1,0.4,4.8,9.8,0.485,0.524,4.0,4.8,0.4,1.0,4.7,5.7,5.0,0.9,0.3,3.0,3.0,19.5,17.8,0.576,0.34,0.321,3.3,14.2,9.0,22.9,1.3,0.6,15.0,24.8,5.6,3.5,9.0,0.143,2.6,0.1,2.7,3.6
udokaim01,Ime Udoka,PF,30,SAS,73,18.0,2.2,5.1,0.424,0.8,2.3,0.37,1.3,2.9,0.467,0.505,0.6,0.8,0.37,0.5,2.6,3.1,0.9,0.8,0.2,0.8,1.7,5.8,11.5,0.528,0.44,0.155,3.3,17.0,10.2,7.7,2.3,1.0,12.6,16.7,0.2,2.6,2.8,0.102,-2.0,2.2,0.2,0.7
udrihbe01,Beno Udrih,PG,25,SAC,65,32.0,5.0,10.9,0.463,0.8,2.1,0.387,4.2,8.8,0.482,0.501,1.9,2.3,0.387,0.5,2.8,3.3,4.3,0.9,0.2,2.3,2.1,12.8,13.3,0.54,0.194,0.208,2.0,10.2,6.2,22.2,1.4,0.4,16.1,19.8,1.5,0.9,2.4,0.056,-0.2,-1.2,-1.4,0.3
varejan01,Anderson Varejão,C,25,CLE,48,27.5,2.8,6.1,0.461,0.0,0.0,0.0,2.8,6.1,0.464,0.461,1.0,1.7,0.0,2.8,5.5,8.3,1.1,0.8,0.5,1.2,2.8,6.7,12.0,0.485,0.007,0.278,11.2,23.6,17.2,6.3,1.5,1.6,15.1,13.4,0.5,1.9,2.4,0.086,-2.7,0.1,-2.6,-0.2
vaughja01,Jacque Vaughn,PG,32,SAS,74,15.4,1.6,3.8,0.428,0.0,0.1,0.3,1.6,3.7,0.432,0.433,0.8,1.1,0.3,0.2,0.8,1.0,2.1,0.3,0.0,0.7,1.3,4.1,9.2,0.481,0.035,0.283,1.4,6.2,3.8,21.9,1.1,0.1,14.5,15.6,0.3,1.4,1.6,0.069,-3.9,0.4,-3.5,-0.4
villach01,Charlie Villanueva,PF,23,MIL,76,24.1,4.7,10.7,0.435,0.7,2.4,0.297,3.9,8.3,0.475,0.469,1.6,2.1,0.297,1.9,4.2,6.1,1.0,0.4,0.5,1.4,2.3,11.7,14.9,0.502,0.227,0.193,8.9,21.5,15.0,7.5,0.9,1.5,10.8,24.4,0.9,0.9,1.7,0.045,-0.4,-2.4,-2.8,-0.3
voskuja01,Jake Voskuhl,C,30,MIL,44,8.8,0.8,1.8,0.463,0.0,0.0,0.0,0.8,1.8,0.463,0.463,0.5,0.7,0.0,0.7,1.5,2.2,0.3,0.2,0.5,0.7,1.9,2.2,8.7,0.528,0.0,0.363,8.8,21.3,14.8,5.1,1.2,4.3,23.8,14.2,-0.1,0.3,0.2,0.025,-6.3,0.4,-5.9,-0.4
vujacsa01,Sasha Vujačić,SG,23,LAL,72,17.8,3.0,6.7,0.454,1.6,3.8,0.437,1.4,2.9,0.476,0.577,1.1,1.3,0.437,0.3,1.9,2.1,1.0,0.5,0.1,0.7,1.5,8.8,15.1,0.605,0.56,0.189,1.7,11.3,6.7,8.7,1.4,0.3,9.1,19.8,2.4,1.2,3.6,0.136,1.8,-0.7,1.2,1.0
wadedw01,Dwyane Wade,SG,26,MIA,51,38.3,8.6,18.4,0.469,0.4,1.5,0.286,8.2,16.9,0.485,0.48,6.9,9.2,0.286,0.9,3.3,4.2,6.9,1.7,0.7,4.4,2.7,24.6,21.5,0.549,0.082,0.498,2.7,10.5,6.6,37.5,2.4,1.5,16.4,33.1,1.8,1.5,3.3,0.082,3.1,-0.2,2.9,2.3
walkean02,Antoine Walker,PF,31,MIN,46,19.4,3.0,8.2,0.363,1.3,4.1,0.324,1.6,4.1,0.401,0.444,0.8,1.4,0.324,1.2,2.4,3.7,1.0,0.7,0.2,1.0,1.7,8.0,11.4,0.455,0.501,0.176,7.1,15.0,10.9,8.0,1.9,0.7,10.2,22.8,-0.5,0.5,0.1,0.004,-0.8,-1.4,-2.2,-0.1
wallabe01,Ben Wallace,C-PF,33,TOT,72,30.6,1.9,4.9,0.392,0.0,0.1,0.0,1.9,4.8,0.397,0.392,1.0,2.3,0.0,3.3,5.1,8.4,1.5,1.2,1.6,0.9,1.7,4.8,12.0,0.408,0.011,0.48,11.6,19.6,15.5,6.9,2.1,4.2,13.6,10.0,0.1,3.5,3.6,0.078,-1.7,1.9,0.2,1.2
wallage01,Gerald Wallace,PF,25,CHA,62,38.3,6.6,14.6,0.449,1.1,3.6,0.321,5.4,11.1,0.491,0.488,5.0,6.9,0.321,0.9,5.1,6.0,3.5,2.1,0.9,2.9,3.0,19.4,17.5,0.547,0.243,0.471,2.8,15.3,9.0,15.9,2.9,1.9,14.1,24.6,1.8,2.8,4.6,0.094,0.8,1.3,2.1,2.5
wallara01,Rasheed Wallace,C,33,DET,77,30.5,4.9,11.3,0.432,1.5,4.1,0.356,3.4,7.2,0.476,0.497,1.5,1.9,0.356,1.1,5.5,6.6,1.8,1.2,1.7,1.1,2.8,12.7,17.2,0.523,0.362,0.172,4.3,21.8,13.0,9.7,2.1,4.3,8.4,20.5,2.5,5.1,7.6,0.155,1.5,2.6,4.1,3.6
waltolu01,Luke Walton,SF,27,LAL,74,23.4,2.9,6.5,0.45,0.4,1.1,0.333,2.5,5.3,0.475,0.479,1.0,1.5,0.333,1.1,2.8,3.9,2.9,0.8,0.2,1.4,1.8,7.2,12.3,0.509,0.176,0.228,5.7,12.7,9.3,18.1,1.7,0.8,16.0,16.0,1.2,2.0,3.2,0.088,-0.8,0.5,-0.3,0.7
warriha01,Hakim Warrick,PF,25,MEM,75,23.4,4.4,8.7,0.502,0.2,0.6,0.271,4.2,8.1,0.521,0.512,2.4,3.5,0.271,1.6,3.1,4.7,0.7,0.5,0.4,1.1,2.1,11.4,16.2,0.555,0.074,0.398,7.8,15.0,11.4,5.2,1.0,1.2,10.0,21.6,2.5,0.8,3.3,0.09,-0.3,-1.6,-1.9,0.0
watsocj01,C.J. Watson,PG,23,GSW,32,11.5,1.3,3.2,0.426,0.3,0.8,0.346,1.1,2.3,0.453,0.47,0.7,0.9,0.346,0.4,0.6,1.0,1.1,0.5,0.0,0.6,0.6,3.7,11.0,0.519,0.257,0.287,3.6,5.8,4.7,12.8,2.0,0.0,13.7,15.1,0.3,0.1,0.4,0.056,-2.0,-0.9,-2.8,-0.1
watsoea01,Earl Watson,PG,28,SEA,78,29.1,4.3,9.6,0.454,0.6,1.7,0.371,3.7,7.9,0.472,0.487,1.4,1.9,0.371,0.6,2.3,2.9,6.8,0.9,0.1,2.2,2.0,10.7,14.6,0.517,0.177,0.194,2.1,8.7,5.4,36.6,1.5,0.3,17.8,18.8,1.7,1.1,2.9,0.061,0.1,-1.0,-0.9,0.6
webstma02,Martell Webster,SF,21,POR,75,28.4,3.7,8.7,0.422,1.6,4.2,0.388,2.1,4.5,0.454,0.516,1.6,2.2,0.388,0.7,3.2,3.9,1.2,0.6,0.4,1.1,2.1,10.7,12.0,0.548,0.483,0.253,3.0,13.3,8.2,7.0,1.1,1.0,10.2,18.0,1.8,1.7,3.5,0.079,0.1,-0.2,-0.2,1.0
wellsbo01,Bonzi Wells,SG,31,TOT,73,21.4,3.5,7.8,0.443,0.2,0.7,0.24,3.3,7.1,0.462,0.453,2.0,3.1,0.24,1.2,3.4,4.5,1.3,1.0,0.4,1.4,2.2,9.1,14.4,0.495,0.088,0.399,6.2,17.8,12.0,10.2,2.6,1.5,13.3,22.7,-0.1,3.0,3.0,0.092,-2.0,1.7,-0.3,0.7
westda01,David West,PF,27,NOH,76,37.8,8.3,17.2,0.482,0.1,0.3,0.24,8.2,16.8,0.487,0.484,3.9,4.6,0.24,2.4,6.5,8.9,2.3,0.8,1.3,2.2,2.7,20.6,19.9,0.535,0.019,0.27,7.2,20.6,13.7,10.6,1.2,2.7,10.2,26.3,4.3,4.0,8.4,0.14,1.3,0.2,1.5,2.6
westde01,Delonte West,PG,24,TOT,61,25.1,3.2,7.8,0.413,0.8,2.2,0.356,2.4,5.6,0.435,0.463,1.1,1.5,0.356,0.5,2.7,3.2,3.8,1.0,0.5,1.9,1.7,8.3,12.1,0.492,0.284,0.192,2.2,11.9,7.0,23.5,2.0,1.4,18.5,18.3,-0.2,1.5,1.3,0.041,-1.5,0.8,-0.8,0.5
westma02,Mario West,SG,23,ATL,64,4.2,0.3,0.8,0.429,0.0,0.1,0.0,0.3,0.7,0.467,0.429,0.3,0.4,0.0,0.4,0.3,0.8,0.2,0.2,0.1,0.1,1.0,0.9,8.6,0.488,0.082,0.531,11.3,9.5,10.4,7.2,2.4,1.1,13.0,11.7,0.2,0.2,0.5,0.082,-4.4,0.6,-3.8,-0.1
wilcoch01,Chris Wilcox,PF,25,SEA,62,28.0,5.4,10.3,0.524,0.0,0.0,0.0,5.4,10.2,0.526,0.524,2.6,4.0,0.0,2.0,5.0,7.0,1.2,0.7,0.6,1.7,2.8,13.4,16.3,0.554,0.005,0.389,7.9,19.2,13.6,7.1,1.3,1.5,12.1,21.2,1.7,1.6,3.4,0.093,-0.7,-0.3,-1.0,0.4
wilkida02,Damien Wilkins,SF,28,SEA,76,24.3,3.6,8.9,0.403,0.7,2.0,0.323,2.9,6.8,0.427,0.44,1.4,1.9,0.323,0.9,2.3,3.2,2.0,0.8,0.3,1.2,1.7,9.2,11.3,0.474,0.23,0.214,4.3,10.2,7.2,12.7,1.7,0.7,10.8,19.4,-0.1,1.2,1.0,0.027,-2.0,-0.3,-2.3,-0.2
willide01,Deron Williams,PG,23,UTA,82,37.3,6.9,13.6,0.507,1.0,2.6,0.395,5.9,11.1,0.533,0.544,4.0,5.0,0.395,0.4,2.5,3.0,10.5,1.1,0.3,3.4,2.4,18.8,20.8,0.595,0.188,0.368,1.4,8.3,4.9,43.6,1.5,0.6,17.7,23.1,8.9,2.3,11.3,0.177,4.9,-1.1,3.8,4.5
willija02,Jason Williams,PG,32,MIA,67,28.1,3.1,8.2,0.384,1.4,4.1,0.353,1.7,4.1,0.415,0.472,1.0,1.2,0.353,0.2,1.8,1.9,4.6,1.2,0.1,1.4,1.4,8.8,12.7,0.502,0.5,0.145,0.8,7.6,4.1,27.3,2.3,0.2,13.5,17.0,1.0,1.1,2.1,0.052,-0.5,-0.4,-0.9,0.6
willilo02,Lou Williams,PG,21,PHI,80,23.3,4.0,9.4,0.424,0.7,1.9,0.359,3.3,7.5,0.441,0.461,2.8,3.6,0.359,0.5,1.6,2.1,3.2,1.0,0.2,1.6,1.6,11.5,16.7,0.523,0.203,0.386,2.6,8.1,5.3,22.6,2.3,0.6,12.4,24.3,2.5,1.8,4.4,0.112,1.3,0.1,1.4,1.6
willima03,Marcus Williams,PG,22,NJN,53,16.1,2.1,5.5,0.379,1.0,2.7,0.38,1.1,2.8,0.377,0.471,0.7,0.9,0.38,0.3,1.6,1.9,2.6,0.5,0.1,1.4,1.0,5.9,11.0,0.499,0.485,0.16,1.9,11.8,6.9,27.8,1.5,0.3,19.3,20.8,-0.4,0.5,0.2,0.009,-0.8,-1.6,-2.4,-0.1
willima02,Marvin Williams,SF,21,ATL,80,34.6,5.3,11.5,0.462,0.0,0.1,0.1,5.3,11.4,0.466,0.462,4.2,5.1,0.1,1.5,4.2,5.7,1.7,1.0,0.4,1.6,2.8,14.8,14.5,0.54,0.011,0.446,5.0,14.2,9.6,8.3,1.5,0.9,10.4,20.1,3.6,2.1,5.7,0.099,-0.9,-0.5,-1.4,0.4
willima01,Mo Williams,PG,25,MIL,66,36.5,6.7,13.9,0.48,1.3,3.5,0.385,5.3,10.4,0.512,0.528,2.5,2.9,0.385,0.6,2.9,3.5,6.3,1.2,0.2,2.8,2.8,17.2,17.0,0.566,0.251,0.211,1.7,9.8,5.6,30.0,1.7,0.3,15.3,22.1,4.1,0.5,4.5,0.091,1.7,-1.4,0.3,1.4
willise01,Sean Williams,C,21,NJN,73,17.5,2.2,4.2,0.538,0.0,0.0,0.0,2.2,4.2,0.538,0.538,1.1,1.8,0.0,1.6,2.8,4.4,0.4,0.4,1.5,1.0,2.6,5.6,13.9,0.563,0.0,0.436,10.4,18.8,14.6,3.7,1.1,6.5,16.1,15.5,0.8,1.7,2.5,0.093,-3.3,1.1,-2.2,-0.1
willish03,Shawne Williams,SF,21,IND,65,14.9,2.4,5.7,0.427,0.7,2.1,0.314,1.8,3.6,0.494,0.485,1.2,1.6,0.314,0.8,1.9,2.7,0.9,0.4,0.4,0.9,2.0,6.7,12.8,0.522,0.368,0.285,6.0,14.0,9.9,9.8,1.3,2.0,12.2,21.3,0.4,1.0,1.4,0.069,-1.4,-0.4,-1.8,0.0
willish02,Shelden Williams,PF,24,TOT,64,12.1,1.4,3.3,0.434,0.0,0.0,0.0,1.4,3.3,0.438,0.434,1.1,1.6,0.0,1.1,2.1,3.2,0.3,0.3,0.3,0.5,1.7,4.0,11.9,0.494,0.009,0.495,10.4,20.5,15.5,3.8,1.5,2.1,11.9,17.0,0.4,0.8,1.2,0.072,-2.7,-0.7,-3.5,-0.3
artesro01,Metta World Peace,SF,28,SAC,57,38.1,7.6,16.9,0.453,1.5,3.9,0.38,6.2,13.0,0.475,0.497,3.7,5.2,0.38,1.8,4.0,5.8,3.5,2.3,0.7,2.6,2.8,20.5,18.8,0.535,0.23,0.307,5.6,12.1,8.9,16.2,3.1,1.4,11.9,25.5,2.4,2.2,4.7,0.103,2.1,0.7,2.8,2.6
wrighan01,Antoine Wright,SG,23,TOT,56,22.0,2.4,5.9,0.413,0.6,2.0,0.291,1.9,3.9,0.475,0.462,0.8,1.2,0.291,0.7,1.9,2.6,1.4,0.5,0.4,0.9,2.3,6.3,8.4,0.488,0.334,0.204,3.8,10.0,6.9,10.5,1.2,1.3,12.2,15.2,0.0,0.8,0.8,0.029,-2.9,0.0,-3.0,-0.3
wrighbr03,Brandan Wright,PF,20,GSW,38,9.9,1.6,2.9,0.554,0.0,0.0,0.0,1.6,2.9,0.554,0.554,0.7,1.1,0.0,1.0,1.6,2.6,0.2,0.2,0.6,0.3,0.9,4.0,17.2,0.583,0.0,0.357,10.4,18.1,14.1,3.4,0.8,4.3,9.1,16.0,0.8,0.3,1.1,0.142,0.2,-0.6,-0.4,0.2
wrighdo01,Dorell Wright,SF,22,MIA,44,25.1,3.3,6.7,0.488,0.1,0.3,0.364,3.2,6.4,0.493,0.495,1.3,1.6,0.364,1.1,3.9,5.0,1.4,0.7,0.9,0.7,1.8,7.9,14.4,0.537,0.038,0.235,5.1,19.0,11.9,9.4,1.4,3.0,8.2,15.1,1.2,1.1,2.2,0.096,-0.7,0.7,0.1,0.6
wrighju01,Julian Wright,SF,20,NOH,57,11.2,1.6,3.0,0.533,0.2,0.4,0.417,1.4,2.5,0.552,0.562,0.6,0.9,0.417,0.6,1.5,2.1,0.7,0.5,0.2,0.6,0.8,3.9,15.4,0.581,0.142,0.308,5.9,15.7,10.7,9.5,2.4,1.5,15.1,16.4,0.7,0.9,1.7,0.126,0.3,1.5,1.8,0.6
youngni01,Nick Young,SG,22,WAS,75,15.4,2.8,6.4,0.439,0.5,1.3,0.4,2.3,5.0,0.45,0.481,1.3,1.7,0.4,0.3,1.2,1.5,0.8,0.5,0.1,1.3,1.7,7.5,11.6,0.527,0.209,0.259,2.3,9.6,5.8,9.6,1.6,0.5,15.0,24.9,-0.1,0.6,0.4,0.017,-2.6,-2.1,-4.7,-0.8
youngth01,Thaddeus Young,PF,19,PHI,74,21.0,3.6,6.6,0.539,0.1,0.3,0.316,3.5,6.4,0.548,0.545,1.0,1.4,0.316,1.6,2.6,4.2,0.8,1.0,0.1,0.9,1.7,8.2,16.5,0.57,0.039,0.21,9.1,14.8,11.9,6.2,2.5,0.4,10.7,17.4,2.6,2.0,4.5,0.14,0.2,0.3,0.5,1.0
